FECHA,CIERRE,MAX.DIA,MIN.DIA,VOLUMEN,IMPORTE,INDICE
 5/9/2019 ,41.61,42.43,41.04,"2,375,869","98,715,829",1255
 5/8/2019 ,43.04,43.75,41.9,"2,890,552","124,345,118",1254
 5/7/2019 ,42.43,42.97,42.07,"1,905,262","80,785,942",1253
 5/6/2019 ,43.03,43.6,42.04,"2,983,655","128,415,002",1252
 5/3/2019 ,42.89,43.33,42,"4,570,883","196,125,704",1251
 5/2/2019 ,42.59,42.9,41.55,"2,988,308","126,775,936",1250
 4/30/2019 ,42.22,42.5,40.43,"2,006,285","84,289,990",1249
 4/29/2019 ,41.8,42.38,41.32,"3,563,274","149,130,963",1248
 4/26/2019 ,42.09,42.29,41.39,"2,624,840","110,248,262",1247
 4/25/2019 ,41.64,41.76,40.78,"3,042,558","126,193,023",1246
 4/24/2019 ,41.15,41.7,40.38,"1,823,620","74,933,516",1245
 4/23/2019 ,40.67,40.95,40.04,"3,967,632","160,498,047",1244
 4/22/2019 ,40.52,40.99,40,"1,386,094","56,079,466",1243
 4/17/2019 ,40.52,41.34,39.81,"3,665,755","149,294,440",1242
 4/16/2019 ,40.46,40.88,40.07,"1,241,670","50,362,929",1241
 4/15/2019 ,40,40.4,39.52,"1,513,661","60,666,744",1240
 4/12/2019 ,40.28,40.99,39.97,"1,168,677","47,050,667",1239
 4/11/2019 ,40.66,41.35,40.04,"1,792,167","72,658,904",1238
 4/10/2019 ,41.41,41.76,40.9,"2,089,378","86,476,582",1237
 4/9/2019 ,40.97,41.86,40.5,"3,248,960","133,213,678",1236
 4/8/2019 ,41.97,42.39,41.1,"2,375,000","99,300,972",1235
 4/5/2019 ,42.11,42.43,41.03,"3,309,328","138,477,444",1234
 4/4/2019 ,41.21,41.48,40.5,"2,063,671","84,925,853",1233
 4/3/2019 ,40.61,41.59,40.5,"2,548,471","104,524,794",1232
 4/2/2019 ,40.73,41.04,40.5,"2,221,137","90,513,911",1231
 4/1/2019 ,41.15,41.6,40.89,"2,733,999","112,643,241",1230
 3/29/2019 ,40.58,40.78,40.4,"3,099,336","125,892,385",1229
 3/28/2019 ,40.44,40.99,40.13,"2,147,763","87,339,511",1228
 3/27/2019 ,40.5,40.74,39.09,"5,373,874","216,192,035",1227
 3/26/2019 ,39.62,40,39.02,"4,272,031","169,430,490",1226
 3/25/2019 ,39.55,39.69,38.9,"2,858,157","112,244,084",1225
 3/22/2019 ,39.09,39.84,38.95,"3,153,299","124,354,767",1224
 3/21/2019 ,39.72,39.99,38.78,"3,852,951","152,383,195",1223
 3/20/2019 ,39.45,39.55,38.63,"5,109,448","200,337,446",1222
 3/19/2019 ,38.73,39.15,38.23,"4,876,186","189,349,226",1221
 3/15/2019 ,38.79,38.85,38,"11,638,758","451,276,305",1220
 3/14/2019 ,38.48,39.19,37.84,"3,944,248","151,804,506",1219
 3/13/2019 ,38.47,38.7,38,"5,222,997","200,774,177",1218
 3/12/2019 ,38.03,38.76,37.98,"3,250,540","124,180,758",1217
 3/11/2019 ,38.53,38.6,38.03,"2,175,990","83,738,173",1216
 3/8/2019 ,37.96,38.24,37.26,"4,370,764","165,254,981",1215
 3/7/2019 ,37.72,38.77,37.5,"4,163,944","158,860,302",1214
 3/6/2019 ,38.27,39.24,38.15,"2,640,037","101,588,864",1213
 3/5/2019 ,38.24,38.45,37.95,"2,088,756","79,857,010",1212
 3/4/2019 ,38.15,38.56,37.88,"2,274,623","86,819,104",1211
 3/1/2019 ,38.35,38.8,38,"3,624,284","139,133,742",1210
 2/28/2019 ,38.23,38.98,37.8,"7,375,185","283,804,445",1209
 2/27/2019 ,38.47,38.7,37.61,"3,447,716","132,660,748",1208
 2/26/2019 ,37.97,38.39,37.46,"8,784,013","333,925,590",1207
 2/25/2019 ,37.39,38.2,37.29,"3,348,484","126,486,593",1206
 2/22/2019 ,37.67,38,37.1,"9,701,828","366,380,282",1205
 2/21/2019 ,35.67,36.18,35.57,"1,814,274","64,865,320",1204
 2/20/2019 ,35.88,36.91,35.67,"3,101,302","112,263,993",1203
 2/19/2019 ,36.28,37.03,36.1,"2,063,748","75,251,162",1202
 2/18/2019 ,36.54,36.9,36.24,"89,504","3,267,436",1201
 2/15/2019 ,36.64,36.74,36.05,"1,816,862","66,086,893",1200
 2/14/2019 ,36.35,36.61,36,"1,482,390","53,838,186",1199
 2/13/2019 ,36.48,37.43,36.34,"1,977,823","72,773,454",1198
 2/12/2019 ,37.21,37.59,37.1,"2,740,668","101,938,055",1197
 2/11/2019 ,37.45,37.6,36.7,"2,696,154","100,358,189",1196
 2/7/2019 ,37.45,37.59,36.83,"1,171,569","43,806,523",1195
 2/6/2019 ,36.92,37.89,36.73,"2,591,746","96,158,925",1194
 2/5/2019 ,37.4,37.91,36.8,"1,588,397","59,452,464",1193
 2/1/2019 ,36.85,38,36.4,"2,907,440","107,609,551",1192
 1/31/2019 ,37.81,38.38,37.45,"2,621,344","99,157,133",1191
 1/30/2019 ,37.36,37.74,36.52,"2,297,680","85,392,248",1190
 1/29/2019 ,37.35,37.8,37.01,"1,756,678","65,740,258",1189
 1/28/2019 ,37.39,38.31,37.13,"3,335,112","125,004,554",1188
 1/25/2019 ,37.9,38.5,37.7,"2,182,667","82,874,282",1187
 1/24/2019 ,37.63,38.34,37.51,"1,878,046","70,866,760",1186
 1/23/2019 ,37.9,38.72,37.55,"1,746,571","66,384,846",1185
 1/22/2019 ,38.61,38.94,38,"1,600,637","61,667,389",1184
 1/21/2019 ,38.72,38.8,38.21,"561,591","21,699,730",1183
 1/18/2019 ,38.3,38.88,38.08,"2,102,331","80,842,933",1182
 1/17/2019 ,38.45,38.99,38.21,"2,928,174","112,616,820",1181
 1/16/2019 ,38.89,39.12,38.51,"1,747,417","67,930,075",1180
 1/15/2019 ,38.68,38.78,37.85,"2,975,567","114,404,559",1179
 1/14/2019 ,37.96,38.99,37.84,"2,091,024","79,811,127",1178
 1/11/2019 ,38.59,39.87,38.32,"2,441,195","94,822,054",1177
 1/10/2019 ,39.61,39.74,38.9,"1,853,237","73,243,528",1176
 1/9/2019 ,39.39,39.47,39,"2,862,235","112,564,891",1175
 1/8/2019 ,39.26,39.5,38.9,"1,776,255","69,672,688",1174
 1/7/2019 ,39.11,39.59,38.8,"1,567,386","61,266,668",1173
 1/4/2019 ,39.39,39.7,38.78,"1,883,316","73,992,313",1172
 1/3/2019 ,39.32,39.63,38.59,"1,574,973","61,705,195",1171
 1/2/2019 ,39.32,39.49,38.58,"925,915","36,204,630",1170
 12/31/2018 ,39.15,39.35,38.5,"1,162,678","45,448,614",1169
 12/28/2018 ,38.83,39.55,38.55,"625,464","24,319,024",1168
 12/27/2018 ,39.23,39.41,38.52,"1,054,535","41,205,018",1167
 12/26/2018 ,38.86,39,38.63,"563,976","21,918,093",1166
 12/24/2018 ,38.97,39.1,38.44,"277,453","10,813,572",1165
 12/21/2018 ,38.64,39.88,38.2,"8,417,652","326,292,397",1164
 12/20/2018 ,39.93,40,38.28,"2,304,359","91,325,498",1163
 12/19/2018 ,38.78,39.13,37.82,"2,506,029","97,163,761",1162
 12/18/2018 ,38.48,38.61,37.2,"1,868,984","71,420,852",1161
 12/17/2018 ,37.77,39,37.61,"1,163,233","44,388,813",1160
 12/14/2018 ,38.78,39.23,38.42,"1,903,414","73,780,278",1159
 12/13/2018 ,38.45,39,37.99,"3,631,982","139,621,109",1158
 12/11/2018 ,38.57,39.01,38.25,"1,317,491","50,967,976",1157
 12/10/2018 ,38.95,39.44,38.05,"1,192,121","46,150,801",1156
 12/7/2018 ,39,39.43,38.44,"1,122,520","43,713,230",1155
 12/6/2018 ,38.92,39,37.52,"1,816,088","70,214,314",1154
 12/5/2018 ,38.97,39,38.61,"716,660","27,893,067",1153
 12/4/2018 ,38.54,39.22,38,"3,101,046","119,316,547",1152
 12/3/2018 ,39.06,40,38.2,"3,003,539","117,675,381",1151
 11/30/2018 ,39,39.99,38.79,"5,491,055","214,443,563",1150
 11/29/2018 ,39.99,40,39.49,"3,659,948","146,133,539",1149
 11/28/2018 ,39.71,39.84,38.51,"3,340,559","130,729,256",1148
 11/27/2018 ,38.72,38.97,37.08,"3,587,109","137,383,659",1147
 11/26/2018 ,36.79,37.69,35.85,"4,027,109","148,347,849",1146
 11/23/2018 ,37.51,38.67,37.37,"1,465,511","55,261,845",1145
 11/22/2018 ,38.12,39,37.98,"882,746","33,717,742",1144
 11/21/2018 ,38.63,39.6,38.35,"1,679,394","65,401,440",1143
 11/20/2018 ,38.9,39.24,38,"1,754,272","68,089,657",1142
 11/16/2018 ,38.81,38.9,37.04,"2,403,731","92,068,252",1141
 11/15/2018 ,37.2,38.38,37,"2,473,684","92,772,496",1140
 11/14/2018 ,37.97,38.89,37.72,"5,356,268","203,603,068",1139
 11/13/2018 ,37.96,39.3,37.9,"2,903,858","111,260,425",1138
 11/12/2018 ,39.28,40.5,38.8,"3,772,151","147,900,079",1137
 11/9/2018 ,40.66,41.7,36.46,"7,153,168","282,535,918",1136
 11/8/2018 ,38.53,39.99,38.07,"3,057,225","119,210,930",1135
 11/7/2018 ,39.98,39.99,39.41,"2,983,703","118,940,686",1134
 11/6/2018 ,39.22,40.5,39.01,"4,062,621","161,370,945",1133
 11/5/2018 ,40.22,40.46,38.46,"3,787,203","150,407,267",1132
 11/1/2018 ,38.7,39.12,37.46,"3,534,130","136,387,658",1131
 10/31/2018 ,38.05,38.8,36.62,"5,581,653","212,170,442",1130
 10/30/2018 ,37.89,38.1,36.76,"3,076,643","116,154,053",1129
 10/29/2018 ,36.4,39.16,35.7,"3,737,046","141,074,912",1128
 10/26/2018 ,38.2,38.99,37.62,"1,317,175","50,345,469",1127
 10/25/2018 ,38.3,39.25,36.5,"3,686,985","141,824,736",1126
 10/24/2018 ,36.38,37.33,36.3,"1,109,098","40,516,809",1125
 10/23/2018 ,37.22,37.62,36.02,"1,871,623","69,510,306",1124
 10/22/2018 ,36.78,37.01,36.02,"2,055,340","75,051,042",1123
 10/19/2018 ,36.78,37.69,36.61,"1,997,363","73,698,190",1122
 10/18/2018 ,37.46,37.98,37.18,"1,511,963","56,806,937",1121
 10/17/2018 ,37.67,38.09,37.5,"1,285,637","48,629,941",1120
 10/16/2018 ,38.22,38.3,37.39,"1,471,488","55,902,802",1119
 10/15/2018 ,37.34,37.53,36.71,"1,493,258","55,665,244",1118
 10/12/2018 ,37.35,38.77,37.05,"2,507,949","94,337,144",1117
 10/11/2018 ,38.61,39.48,38.3,"6,009,273","232,106,728",1116
 10/10/2018 ,38.27,38.94,38.1,"1,686,641","64,906,185",1115
 10/9/2018 ,38.54,38.81,38.02,"1,818,647","69,963,428",1114
 10/8/2018 ,38.31,38.87,38.03,"1,755,545","67,236,256",1113
 10/5/2018 ,38.19,38.95,38.07,"1,423,827","54,622,118",1112
 10/4/2018 ,38.55,39.1,38.4,"1,259,151","48,566,822",1111
 10/3/2018 ,38.82,39.45,38.76,"2,040,199","79,488,160",1110
 10/2/2018 ,39.04,40.14,38.91,"2,861,891","112,899,298",1109
 10/1/2018 ,39.86,40.84,39.71,"1,131,831","45,157,325",1108
 9/28/2018 ,39.91,41.07,39.78,"1,313,139","52,606,384",1107
 9/27/2018 ,40.56,41.2,40.35,"1,585,692","64,706,176",1106
 9/26/2018 ,40.69,40.88,40.36,"1,019,203","41,416,788",1105
 9/25/2018 ,40.62,40.89,40,"1,988,592","80,685,702",1104
 9/24/2018 ,40.39,40.8,39.89,"1,665,866","67,463,518",1103
 9/21/2018 ,40.25,40.89,39.88,"24,401,024","982,864,824",1102
 9/20/2018 ,40.12,40.6,39.92,"1,673,544","67,444,365",1101
 9/19/2018 ,40.48,40.8,40.09,"2,695,446","109,286,718",1100
 9/18/2018 ,40.5,40.67,40,"2,322,245","93,888,599",1099
 9/17/2018 ,40,40.51,39.34,"2,079,299","83,709,199",1098
 9/14/2018 ,39.78,39.91,38.52,"2,786,496","110,060,877",1097
 9/13/2018 ,38.96,39.25,38.86,"2,779,276","108,550,302",1096
 9/12/2018 ,38.88,38.97,38.5,"3,011,014","116,748,096",1095
 9/11/2018 ,38.72,39.13,38.48,"3,684,654","142,807,595",1094
 9/10/2018 ,38.84,39.2,38.4,"2,684,665","103,586,539",1093
 9/7/2018 ,38.81,39,38,"1,744,268","67,134,862",1092
 9/6/2018 ,38.41,39.66,38.31,"1,814,313","70,133,587",1091
 9/5/2018 ,38.74,39.92,38.63,"1,343,272","52,441,152",1090
 9/4/2018 ,39.38,39.92,39.21,"1,483,615","58,740,541",1089
 9/3/2018 ,39.78,40.27,39.59,"379,421","15,152,014",1088
 8/31/2018 ,39.89,40.4,39.1,"3,426,869","136,441,275",1087
 8/30/2018 ,39.49,40.75,39.4,"1,343,600","53,659,907",1086
 8/29/2018 ,40.66,40.75,39.8,"1,869,222","75,441,332",1085
 8/28/2018 ,39.9,41,39.58,"2,140,217","86,662,419",1084
 8/27/2018 ,40.63,41.1,40.1,"1,116,759","45,424,965",1083
 8/24/2018 ,40.24,41,39.85,"1,076,532","43,409,258",1082
 8/23/2018 ,40.26,41,40.09,"1,384,267","55,948,656",1081
 8/22/2018 ,40.5,40.6,40.09,"2,102,784","85,179,682",1080
 8/21/2018 ,40.3,40.8,39.39,"3,490,219","139,687,001",1079
 8/20/2018 ,39.94,40.13,38.91,"1,288,411","51,376,606",1078
 8/17/2018 ,39.1,39.49,38.7,"1,796,408","70,260,136",1077
 8/16/2018 ,38.96,39.2,38.55,"1,420,524","55,375,808",1076
 8/15/2018 ,38.63,39.81,38.51,"1,391,218","54,402,461",1075
 8/14/2018 ,39.48,39.96,38.92,"1,516,140","60,188,179",1074
 8/13/2018 ,39.16,40.16,38.91,"1,037,040","40,878,397",1073
 8/10/2018 ,38.8,39.45,38.57,"6,883,265","267,322,057",1072
 8/9/2018 ,39.57,40.16,39.5,"1,210,237","48,134,803",1071
 8/8/2018 ,39.97,40.51,39.52,"2,068,878","82,572,909",1070
 8/7/2018 ,40.33,40.69,39.47,"2,470,307","99,600,070",1069
 8/6/2018 ,39.26,39.97,39.18,"1,205,394","47,717,095",1068
 8/3/2018 ,39.18,39.74,38.16,"1,516,325","59,523,032",1067
 8/2/2018 ,38.26,38.77,38,"1,205,449","46,354,297",1066
 8/1/2018 ,38.48,39.92,38.36,"1,413,123","54,946,551",1065
 7/31/2018 ,39.66,40.5,39.29,"2,972,056","118,231,208",1064
 7/30/2018 ,39.74,39.98,38.48,"2,080,858","82,406,504",1063
 7/27/2018 ,39.1,39.53,38.15,"2,487,877","96,920,173",1062
 7/26/2018 ,38.18,38.8,37.83,"2,422,890","92,773,700",1061
 7/25/2018 ,38.01,39.84,37.91,"2,367,418","91,107,873",1060
 7/24/2018 ,38.63,38.95,38.39,"1,326,794","51,416,150",1059
 7/23/2018 ,38.44,39.94,38.25,"1,141,950","44,221,938",1058
 7/20/2018 ,39.85,39.98,38.8,"1,137,881","45,290,569",1057
 7/19/2018 ,38.84,39.14,38.35,"882,888","34,207,008",1056
 7/18/2018 ,38.9,39.55,38.06,"2,049,359","79,281,144",1055
 7/17/2018 ,38.18,38.9,38.01,"1,575,840","60,380,038",1054
 7/16/2018 ,38.98,39.78,38.85,"714,331","27,859,687",1053
 7/13/2018 ,39.62,40.11,39.43,"2,363,848","94,244,663",1052
 7/12/2018 ,40.01,40.44,39.7,"1,868,380","74,704,066",1051
 7/11/2018 ,39.94,40.32,39.75,"2,139,260","85,538,804",1050
 7/10/2018 ,40.3,40.36,39.29,"2,767,584","110,579,069",1049
 7/9/2018 ,40.39,41.17,39.52,"1,480,817","59,869,301",1048
 7/6/2018 ,40.31,41,39.48,"2,807,374","113,608,046",1047
 7/5/2018 ,39.76,39.99,37.7,"2,816,574","110,678,044",1046
 7/4/2018 ,37.92,37.99,37.05,"674,299","25,416,463",1045
 7/3/2018 ,37.07,38.54,36.95,"1,754,873","65,900,452",1044
 7/2/2018 ,37.44,38.49,37.26,"1,999,063","75,301,957",1043
 6/29/2018 ,38.69,39.57,37.24,"4,667,237","179,140,896",1042
 6/28/2018 ,37.12,37.24,36.32,"5,031,513","185,999,059",1041
 6/27/2018 ,36.66,37.33,36.51,"2,168,803","79,766,929",1040
 6/26/2018 ,37.22,37.48,36.93,"1,416,256","52,672,345",1039
 6/25/2018 ,37.31,37.45,37.11,"2,136,714","79,715,722",1038
 6/22/2018 ,37.22,37.3,36.51,"2,372,754","87,917,761",1037
 6/21/2018 ,36.78,37.26,36.51,"2,695,053","99,630,729",1036
 6/20/2018 ,37.03,37.29,36.71,"3,254,686","120,651,732",1035
 6/19/2018 ,37,37.1,36.53,"2,439,064","90,089,750",1034
 6/18/2018 ,37.11,37.69,36.1,"1,919,103","70,910,966",1033
 6/15/2018 ,36.87,37.22,36.3,"10,664,367","392,545,978",1032
 6/14/2018 ,36.73,37.5,36.11,"3,459,346","127,515,041",1031
 6/13/2018 ,36.53,36.95,36.38,"2,095,992","77,094,042",1030
 6/12/2018 ,36.66,36.97,36.52,"2,612,515","95,944,624",1029
 6/11/2018 ,36.68,36.75,35.53,"3,793,130","137,418,771",1028
 6/8/2018 ,35.73,35.85,35.16,"3,069,186","109,506,029",1027
 6/7/2018 ,35.07,36.28,34.92,"3,068,073","108,826,585",1026
 6/6/2018 ,36.22,36.8,36.03,"1,801,567","65,520,631",1025
 6/5/2018 ,36.75,37.13,36.17,"2,165,261","79,682,553",1024
 6/4/2018 ,36.28,37.78,36.02,"2,169,404","80,189,773",1023
 6/1/2018 ,37.35,38.94,37.25,"1,609,785","60,858,119",1022
 5/31/2018 ,38.06,38.38,37.35,"6,335,394","240,437,847",1021
 5/30/2018 ,37.85,38.25,37.2,"1,923,435","72,713,903",1020
 5/29/2018 ,37.33,38.49,37.05,"2,211,876","82,761,492",1019
 5/28/2018 ,37.9,38.49,37.78,"395,495","15,031,863",1018
 5/25/2018 ,37.98,39.96,37.25,"3,633,871","140,109,887",1017
 5/24/2018 ,39.41,40,38.72,"931,782","36,849,069",1016
 5/23/2018 ,39.63,40.01,38.66,"1,241,903","49,220,035",1015
 5/22/2018 ,39.35,39.67,38.07,"1,160,875","45,402,787",1014
 5/21/2018 ,38.41,39.17,38.26,"1,343,089","51,859,377",1013
 5/18/2018 ,38.9,39.08,38.06,"2,032,066","78,862,099",1012
 5/17/2018 ,38.76,40.26,38.42,"1,786,840","69,720,963",1011
 5/16/2018 ,40.09,40.5,39.75,"987,602","39,542,088",1010
 5/15/2018 ,39.96,40,39.4,"1,789,193","71,120,833",1009
 5/14/2018 ,39.95,40.29,39.66,"1,342,007","53,676,429",1008
 5/11/2018 ,39.98,40.99,39.61,"1,646,230","65,685,048",1007
 5/10/2018 ,40.35,40.78,39.69,"1,920,308","77,682,876",1006
 5/9/2018 ,39.59,40.8,39.34,"1,591,640","63,395,484",1005
 5/8/2018 ,40.84,41.4,40.52,"1,144,392","46,776,354",1004
 5/7/2018 ,40.66,41.4,40.51,"2,258,609","92,143,965",1003
 5/4/2018 ,41.19,41.29,40.62,"1,449,684","59,541,186",1002
 5/3/2018 ,41.14,42.27,41.07,"2,430,743","100,663,031",1001
 5/2/2018 ,42.46,43.4,41.96,"2,361,668","100,576,811",1000
 4/30/2018 ,43.53,43.86,43.21,"1,658,792","72,107,021",999
 4/27/2018 ,43.29,43.8,43.21,"922,435","40,044,180",998
 4/26/2018 ,43.1,43.74,42.72,"994,477","42,911,891",997
 4/25/2018 ,43.27,43.47,42.61,"759,337","32,694,385",996
 4/24/2018 ,43.04,43.22,42.51,"718,031","30,856,389",995
 4/23/2018 ,42.76,43.99,42.54,"1,014,259","43,728,023",994
 4/20/2018 ,43.26,43.44,42.51,"1,166,868","50,058,981",993
 4/19/2018 ,43.05,43.44,42.6,"2,201,460","94,678,776",992
 4/18/2018 ,43.66,43.8,42.48,"1,925,181","83,441,824",991
 4/17/2018 ,42.94,43.5,41.51,"2,491,678","106,060,613",990
 4/16/2018 ,41.51,41.99,41.15,"954,586","39,588,312",989
 4/13/2018 ,42.09,42.85,41.63,"1,525,172","64,161,995",988
 4/12/2018 ,42.69,42.87,41.1,"2,140,785","90,547,502",987
 4/11/2018 ,41.08,41.54,40.84,"3,217,874","131,849,488",986
 4/10/2018 ,41.41,41.99,40.81,"3,468,845","143,592,957",985
 4/9/2018 ,40.89,41.72,40.7,"1,197,014","49,206,916",984
 4/6/2018 ,40.8,41.67,40.3,"1,400,366","57,102,912",983
 4/5/2018 ,40.94,41.89,40.21,"1,705,053","70,232,809",982
 4/4/2018 ,41.25,41.5,39.5,"2,345,195","95,509,181",981
 4/3/2018 ,39.43,39.91,39.16,"2,662,296","105,012,555",980
 4/2/2018 ,39.38,40,39.15,"986,245","39,076,266",979
 3/28/2018 ,39.78,40.86,39.59,"2,016,984","80,745,676",978
 3/27/2018 ,40.76,41.29,40.4,"3,023,363","123,214,538",977
 3/26/2018 ,40.76,41.77,40.1,"2,712,603","110,169,869",976
 3/23/2018 ,41.52,41.8,41.41,"2,294,588","95,385,017",975
 3/22/2018 ,41.64,42.4,41.35,"1,345,302","56,061,301",974
 3/21/2018 ,42.02,42.75,41.68,"2,126,442","89,758,190",973
 3/20/2018 ,41.65,41.74,41,"1,837,052","76,074,609",972
 3/16/2018 ,41.26,42.1,41,"8,455,056","349,279,087",971
 3/15/2018 ,41.66,42.14,41.32,"948,058","39,458,025",970
 3/14/2018 ,41.59,42.47,41.25,"1,217,582","50,649,973",969
 3/13/2018 ,41.91,43.14,41.75,"2,689,901","113,822,685",968
 3/12/2018 ,43.16,43.3,42.91,"1,400,666","60,484,529",967
 3/9/2018 ,42.55,43.38,42.36,"1,514,465","64,890,402",966
 3/8/2018 ,42.26,42.39,41.17,"1,542,063","64,538,401",965
 3/7/2018 ,41.1,42.48,41,"2,965,954","122,876,417",964
 3/6/2018 ,42.48,42.8,42.27,"1,641,253","69,752,786",963
 3/5/2018 ,42.73,43.74,42.62,"1,449,342","62,145,776",962
 3/2/2018 ,43.04,43.83,42.94,"1,579,417","68,328,440",961
 3/1/2018 ,44.08,44.5,43.6,"1,169,317","51,477,212",960
 2/28/2018 ,44.11,44.79,43.53,"3,943,370","174,230,865",959
 2/27/2018 ,44.24,44.5,43.52,"1,372,652","60,500,830",958
 2/26/2018 ,44.2,44.85,43.92,"849,300","37,603,777",957
 2/23/2018 ,44.43,44.7,43.7,"1,121,118","49,755,116",956
 2/22/2018 ,44.4,44.48,43.62,"1,148,290","50,824,609",955
 2/21/2018 ,43.97,44.39,43.6,"2,274,814","100,144,297",954
 2/20/2018 ,44.06,44.4,43.51,"891,929","39,195,519",953
 2/19/2018 ,43.92,44.45,43.05,"268,291","11,832,962",952
 2/16/2018 ,44.01,44.21,43.51,"1,526,457","67,200,591",951
 2/15/2018 ,43.76,44.59,43.52,"2,004,139","88,178,107",950
 2/14/2018 ,43.95,44.45,43.53,"2,462,125","108,042,241",949
 2/13/2018 ,43.73,44.75,43.4,"4,465,678","195,374,194",948
 2/12/2018 ,44.38,45.23,44.01,"2,240,400","99,409,412",947
 2/9/2018 ,44.84,45.7,44.01,"2,168,065","96,949,372",946
 2/8/2018 ,44.83,45.67,44.7,"3,646,325","164,145,546",945
 2/7/2018 ,45.78,45.99,45.06,"4,800,797","219,034,764",944
 2/6/2018 ,46.01,46.35,44.4,"4,933,208","226,783,960",943
 2/2/2018 ,46.31,46.5,45,"2,933,246","135,524,246",942
 2/1/2018 ,46.17,46.5,45.43,"1,956,128","89,989,396",941
 1/31/2018 ,45.4,46.14,44.95,"3,575,092","162,570,026",940
 1/30/2018 ,45.58,46.37,44.8,"1,944,011","88,535,885",939
 1/29/2018 ,45.44,46.5,45.04,"3,210,123","146,191,885",938
 1/26/2018 ,45.57,46.39,44.91,"3,363,636","152,623,119",937
 1/25/2018 ,46.07,47.34,45.27,"4,730,468","220,556,118",936
 1/24/2018 ,46.56,46.68,45.5,"2,094,032","96,934,057",935
 1/23/2018 ,45.72,45.99,45.14,"2,253,247","102,954,344",934
 1/22/2018 ,45.6,45.79,44.04,"4,981,736","226,492,280",933
 1/19/2018 ,44.16,45.4,43.9,"3,489,872","155,750,462",932
 1/18/2018 ,44.91,45.47,44.3,"1,627,084","73,415,860",931
 1/17/2018 ,45.23,45.85,44.08,"2,882,705","129,956,072",930
 1/16/2018 ,44.4,44.46,43.73,"2,238,622","98,791,541",929
 1/15/2018 ,43.88,44,43.46,"396,983","17,429,415",928
 1/12/2018 ,43.58,44.15,43.07,"2,616,539","114,440,346",927
 1/11/2018 ,43.45,43.57,42.8,"2,369,056","102,315,977",926
 1/10/2018 ,43.07,43.71,42.85,"2,795,516","120,788,854",925
 1/9/2018 ,43.63,43.74,43.12,"2,832,392","123,042,997",924
 1/8/2018 ,43.51,43.97,43.11,"1,886,857","81,950,951",923
 1/5/2018 ,43.54,44,43.42,"3,034,896","132,270,845",922
 1/4/2018 ,43.67,44,43.03,"2,341,379","102,307,523",921
 1/3/2018 ,43.4,43.65,43.1,"1,230,572","53,447,717",920
 1/2/2018 ,43.38,43.75,42.91,"1,626,731","70,301,456",919
 12/29/2017 ,43.51,43.59,42.56,"2,163,537","93,518,372",918
 12/28/2017 ,43.02,43.43,42.46,"1,153,146","49,458,660",917
 12/27/2017 ,42.38,42.77,42.15,"1,690,897","71,673,410",916
 12/26/2017 ,42.19,42.84,42.03,"477,677","20,193,557",915
 12/22/2017 ,42.28,43.24,42.2,"1,345,633","57,259,133",914
 12/21/2017 ,42.98,43.15,42.87,"4,346,298","186,866,558",913
 12/20/2017 ,43,43.26,42.85,"2,085,073","89,674,407",912
 12/19/2017 ,42.75,44.09,42.66,"2,480,438","106,997,556",911
 12/18/2017 ,43.82,44.65,43.67,"3,211,518","141,246,509",910
 12/15/2017 ,44.09,44.65,43.38,"6,065,280","267,383,629",909
 12/14/2017 ,44.14,44.66,43.59,"3,404,004","150,129,973",908
 12/13/2017 ,43.85,44,42.45,"6,021,737","260,434,833",907
 12/11/2017 ,42.36,43,42.25,"1,336,929","56,994,605",906
 12/8/2017 ,42.65,43.16,42.55,"2,811,829","120,560,039",905
 12/7/2017 ,42.51,43.18,42.26,"2,192,662","93,839,072",904
 12/6/2017 ,42.51,43.85,42.18,"3,012,033","129,158,292",903
 12/5/2017 ,43.38,44,43.2,"2,604,092","113,632,742",902
 12/4/2017 ,43.43,44.19,43.05,"2,067,115","89,876,416",901
 12/1/2017 ,43.45,44,43,"2,275,254","99,292,154",900
 11/30/2017 ,43.45,44.98,43.17,"4,825,214","210,710,243",899
 11/29/2017 ,44.14,44.77,43.09,"2,575,655","113,766,012",898
 11/28/2017 ,43.1,44.49,42.82,"2,502,421","108,945,812",897
 11/27/2017 ,43.6,44.7,43.46,"1,755,077","77,051,639",896
 11/24/2017 ,44.27,44.75,44.12,"1,639,610","73,013,724",895
 11/23/2017 ,44.48,44.5,43.85,"361,445","16,075,492",894
 11/22/2017 ,44.42,45,43.95,"2,742,803","121,737,017",893
 11/21/2017 ,44.28,44.4,43.77,"2,142,625","94,732,912",892
 11/17/2017 ,43.67,44.75,43.51,"2,064,149","91,363,927",891
 11/16/2017 ,44.36,44.78,43.86,"1,316,976","58,408,167",890
 11/15/2017 ,43.76,44.17,43.4,"3,652,074","160,443,397",889
 11/14/2017 ,43.98,44.47,43.43,"2,422,911","106,464,149",888
 11/13/2017 ,43.92,44.11,43.3,"2,514,142","109,787,324",887
 11/10/2017 ,43.71,44.8,43.51,"1,070,413","47,050,907",886
 11/9/2017 ,44.68,45.39,44.53,"1,571,026","70,370,976",885
 11/8/2017 ,44.98,46.38,44.92,"2,276,259","103,364,686",884
 11/7/2017 ,46.09,46.6,45.7,"2,026,578","93,718,325",883
 11/6/2017 ,45.75,45.99,44.53,"1,521,038","69,337,272",882
 11/3/2017 ,45.11,45.3,43.26,"2,815,419","125,778,871",881
 11/1/2017 ,43.96,44.7,43.72,"4,317,920","191,970,020",880
 10/31/2017 ,44.32,45.29,44.16,"1,030,416","45,879,318",879
 10/30/2017 ,44.53,45.37,44.34,"1,110,682","49,723,679",878
 10/27/2017 ,45.01,45.7,44.3,"2,646,336","119,854,764",877
 10/26/2017 ,45.02,45.3,44.45,"1,115,936","50,225,522",876
 10/25/2017 ,45.05,45.6,44.33,"3,102,616","139,010,826",875
 10/24/2017 ,44.83,45.7,44.3,"994,757","44,864,182",874
 10/23/2017 ,45,45.6,43.8,"2,351,603","105,859,785",873
 10/20/2017 ,44.02,45.2,43.93,"1,291,349","57,542,010",872
 10/19/2017 ,44.59,45.74,44.31,"980,708","43,750,204",871
 10/18/2017 ,45.03,45.95,44.85,"855,367","38,739,781",870
 10/17/2017 ,45.79,45.92,44.2,"2,762,690","124,851,952",869
 10/16/2017 ,44.53,45.8,44.46,"1,703,199","76,833,762",868
 10/13/2017 ,45.52,45.8,45.1,"1,770,767","80,504,973",867
 10/12/2017 ,45.43,45.88,45.18,"1,521,450","69,317,200",866
 10/11/2017 ,45.63,45.99,44.95,"2,636,019","120,066,951",865
 10/10/2017 ,45.1,45.88,44.81,"1,711,497","77,462,408",864
 10/9/2017 ,45.68,46,45.2,"1,401,970","63,967,753",863
 10/6/2017 ,45.83,45.91,45.4,"1,191,818","54,538,661",862
 10/5/2017 ,45.86,46,45.41,"1,120,912","51,291,785",861
 10/4/2017 ,45.88,45.95,44.81,"2,139,295","97,227,648",860
 10/3/2017 ,44.89,44.99,43.93,"1,918,022","85,811,570",859
 10/2/2017 ,44.51,44.6,44.02,"2,080,456","92,587,470",858
 9/29/2017 ,43.97,44.33,43.61,"1,663,861","73,155,613",857
 9/28/2017 ,43.99,44.12,43.01,"4,072,695","176,853,574",856
 9/27/2017 ,43.19,43.5,42.81,"2,729,644","117,608,174",855
 9/26/2017 ,43.36,43.69,42.92,"3,142,195","136,109,665",854
 9/25/2017 ,43.25,43.34,42.61,"1,695,872","73,016,540",853
 9/22/2017 ,42.81,42.96,42.54,"928,773","39,746,216",852
 9/21/2017 ,42.61,43.19,42.5,"1,547,541","66,158,259",851
 9/20/2017 ,43.01,43.33,42.85,"1,628,178","70,107,793",850
 9/19/2017 ,43.06,43.83,43.01,"1,010,234","43,608,016",849
 9/18/2017 ,43.54,44.5,43.5,"1,234,741","54,361,762",848
 9/15/2017 ,44.35,44.62,43.05,"6,843,486","302,286,831",847
 9/14/2017 ,44.21,44.56,43.61,"890,989","39,391,013",846
 9/13/2017 ,44.47,44.5,43.52,"1,531,301","67,679,758",845
 9/12/2017 ,44.24,44.49,43.75,"1,342,284","59,249,453",844
 9/11/2017 ,43.79,43.83,43.01,"1,453,454","63,477,728",843
 9/8/2017 ,43.32,43.45,42.75,"1,185,938","51,178,381",842
 9/7/2017 ,43.5,43.7,43.23,"1,651,268","71,876,572",841
 9/6/2017 ,43.32,43.65,42.95,"1,270,137","55,098,781",840
 9/5/2017 ,43,43.63,42.7,"1,092,380","46,912,743",839
 9/4/2017 ,43.25,43.59,43.01,"157,790","6,840,707",838
 9/1/2017 ,43.37,43.62,43.02,"598,888","25,975,599",837
 8/31/2017 ,43.34,43.45,42.9,"3,241,782","140,264,285",836
 8/30/2017 ,42.8,43.69,42.74,"3,711,989","159,339,752",835
 8/29/2017 ,43.36,43.81,43.1,"1,456,355","63,167,909",834
 8/28/2017 ,43.71,44.69,43.6,"869,589","38,145,196",833
 8/25/2017 ,44.42,44.57,44.01,"1,196,559","53,033,983",832
 8/24/2017 ,44.15,44.3,43.55,"1,235,900","54,526,417",831
 8/23/2017 ,43.75,44,43,"1,819,447","79,232,021",830
 8/22/2017 ,43.62,43.88,43.26,"2,048,910","89,339,423",829
 8/21/2017 ,43.4,43.66,42.9,"1,415,727","61,481,750",828
 8/18/2017 ,43.03,43.25,42.51,"2,223,438","95,551,726",827
 8/17/2017 ,42.81,43.5,42.4,"2,795,760","119,798,831",826
 8/16/2017 ,43.14,44.06,43.05,"4,060,899","175,806,155",825
 8/15/2017 ,43.81,44.6,43.75,"829,024","36,422,410",824
 8/14/2017 ,44.12,44.89,43.71,"1,146,170","50,714,817",823
 8/11/2017 ,43.54,44.18,43.5,"1,184,539","51,802,744",822
 8/10/2017 ,43.64,44.68,43.44,"1,888,386","82,660,791",821
 8/9/2017 ,44.41,45.19,44.06,"1,411,899","62,580,397",820
 8/8/2017 ,44.7,45.32,44.61,"3,267,632","147,351,917",819
 8/7/2017 ,45.02,45.14,43.92,"4,090,673","182,891,458",818
 8/4/2017 ,43.96,44.65,43.89,"1,840,185","81,121,481",817
 8/3/2017 ,43.95,44.68,43.85,"3,328,959","146,479,078",816
 8/2/2017 ,44.21,44.69,43.81,"1,653,543","73,131,989",815
 8/1/2017 ,44.6,45.47,44.5,"2,077,031","93,239,928",814
 7/31/2017 ,45.01,45.62,44.3,"1,996,260","89,374,557",813
 7/28/2017 ,45.12,45.58,44.89,"1,456,044","65,639,996",812
 7/27/2017 ,45.29,46.96,45.24,"2,786,029","127,978,513",811
 7/26/2017 ,46.37,47.34,46.07,"3,372,570","156,352,427",810
 7/25/2017 ,47.67,47.85,47.01,"2,053,332","97,592,841",809
 7/24/2017 ,47.37,47.47,46.13,"2,258,880","105,834,720",808
 7/21/2017 ,46.62,46.72,45.64,"2,542,489","117,507,263",807
 7/20/2017 ,45.9,46.1,45.55,"1,774,083","81,103,477",806
 7/19/2017 ,46.01,46.46,45.75,"1,522,568","69,883,230",805
 7/18/2017 ,46.28,46.5,45.7,"1,014,262","46,813,577",804
 7/17/2017 ,46.39,46.59,46.19,"1,702,314","78,879,699",803
 7/14/2017 ,46.27,46.4,45.56,"2,723,138","125,716,371",802
 7/13/2017 ,45.9,45.97,45.26,"3,035,821","139,095,059",801
 7/12/2017 ,45.59,45.72,45.19,"3,004,661","136,683,659",800
 7/11/2017 ,45.22,45.44,45.1,"2,667,225","120,599,888",799
 7/10/2017 ,45.36,45.53,44.71,"1,573,428","71,251,728",798
 7/7/2017 ,45,45.19,44.25,"2,190,964","97,583,698",797
 7/6/2017 ,44.49,44.95,44.3,"2,147,795","95,523,676",796
 7/5/2017 ,44.8,45.26,44.7,"1,316,716","59,141,449",795
 7/4/2017 ,44.9,45.39,44.82,"622,611","28,010,466",794
 7/3/2017 ,45.23,45.96,44.78,"1,306,604","59,163,172",793
 6/30/2017 ,45.6,45.75,44.6,"2,220,318","100,269,483",792
 6/29/2017 ,44.79,45.24,44.4,"1,794,338","80,121,990",791
 6/28/2017 ,45.26,45.64,45.16,"1,652,020","74,936,265",790
 6/27/2017 ,45.54,46.16,45.15,"1,777,879","80,862,667",789
 6/26/2017 ,45.93,46.33,45.7,"1,587,893","72,834,395",788
 6/23/2017 ,46.17,46.64,45.8,"1,727,044","79,731,413",787
 6/22/2017 ,46.56,46.71,46.18,"1,965,976","91,474,897",786
 6/21/2017 ,46.71,47.03,45.63,"3,790,337","176,295,199",785
 6/20/2017 ,46.15,46.45,45.6,"759,042","34,978,012",784
 6/19/2017 ,46.07,47.33,45.32,"3,163,974","146,029,730",783
 6/16/2017 ,47.12,47.76,45,"21,029,144","991,238,097",782
 6/15/2017 ,47.07,47.19,46.1,"2,036,155","95,669,620",781
 6/14/2017 ,46.76,47,46.22,"2,299,453","107,358,616",780
 6/13/2017 ,46.13,47.03,45.77,"2,063,421","95,553,925",779
 6/12/2017 ,46.92,47,45.56,"2,152,089","100,127,608",778
 6/9/2017 ,45.82,46.47,45.41,"1,818,358","83,676,401",777
 6/8/2017 ,46.27,46.68,46,"1,086,469","50,349,559",776
 6/7/2017 ,46.19,46.5,45.82,"2,492,129","115,112,687",775
 6/6/2017 ,45.85,46.88,45.53,"1,408,017","64,978,066",774
 6/5/2017 ,46.19,46.85,45.7,"2,300,780","106,138,451",773
 6/2/2017 ,46.38,46.5,45.48,"2,257,372","104,131,665",772
 6/1/2017 ,46.41,46.49,43,"7,966,677","362,752,749",771
 5/31/2017 ,43.03,44.45,41.96,"9,130,211","393,322,460",770
 5/30/2017 ,44.16,44.75,44.04,"1,717,556","76,157,112",769
 5/29/2017 ,44.86,45,44.41,"565,167","25,289,104",768
 5/26/2017 ,44.82,44.93,44.31,"2,120,340","94,782,083",767
 5/25/2017 ,44.48,44.75,44.25,"2,516,611","111,932,259",766
 5/24/2017 ,44.34,44.55,43.82,"3,591,295","159,172,942",765
 5/23/2017 ,43.76,45.1,43.6,"4,803,785","211,864,611",764
 5/22/2017 ,44.7,45.53,44.6,"2,606,728","117,158,333",763
 5/19/2017 ,45.59,45.74,45.05,"1,973,231","89,452,155",762
 5/18/2017 ,45.39,45.69,45,"1,221,648","55,255,673",761
 5/17/2017 ,45.1,46,45.02,"1,697,288","76,685,860",760
 5/16/2017 ,45.84,46.49,45.75,"2,855,390","131,488,978",759
 5/15/2017 ,46.11,46.49,45.87,"1,134,337","52,339,953",758
 5/12/2017 ,45.84,46.36,45.51,"1,181,726","54,078,838",757
 5/11/2017 ,46.29,46.32,45.05,"1,454,567","66,818,333",756
 5/10/2017 ,45.29,45.8,45.15,"1,752,792","79,797,860",755
 5/9/2017 ,45.31,45.47,45.02,"1,822,618","82,455,658",754
 5/8/2017 ,45.11,45.44,44.95,"757,291","34,103,326",753
 5/5/2017 ,45.14,45.29,44.83,"954,422","42,993,650",752
 5/4/2017 ,44.94,45.45,44.65,"1,700,423","76,549,369",751
 5/3/2017 ,45.3,46.85,45.27,"1,313,926","60,010,719",750
 5/2/2017 ,46.75,46.85,45.94,"1,356,594","63,342,200",749
 4/28/2017 ,46.08,46.5,45.88,"1,975,315","90,988,427",748
 4/27/2017 ,46.29,46.65,45.65,"2,664,422","123,198,418",747
 4/26/2017 ,46.43,47.37,45.25,"2,785,091","129,309,212",746
 4/25/2017 ,47.61,47.7,47.2,"2,179,616","103,730,510",745
 4/24/2017 ,47.46,47.49,46.9,"1,560,329","73,864,530",744
 4/21/2017 ,46.95,47.04,46.06,"1,395,188","65,094,320",743
 4/20/2017 ,46.75,46.8,45.2,"3,030,703","140,169,537",742
 4/19/2017 ,45.37,45.65,44.99,"1,998,873","90,532,183",741
 4/18/2017 ,45.17,45.96,45.11,"1,180,028","53,569,473",740
 4/17/2017 ,45.6,45.97,45.37,"1,984,691","90,533,494",739
 4/12/2017 ,45.28,46.3,45.2,"1,685,653","76,641,385",738
 4/11/2017 ,46.07,46.9,45.65,"1,203,869","55,524,668",737
 4/10/2017 ,46.53,47.02,46.51,"847,414","39,488,160",736
 4/7/2017 ,47.02,47.25,46.6,"2,554,170","119,769,739",735
 4/6/2017 ,47.06,47.83,47.01,"2,167,484","102,603,613",734
 4/5/2017 ,47.8,47.98,47.19,"3,029,651","144,515,268",733
 4/4/2017 ,47.58,47.8,46.36,"4,400,740","208,069,625",732
 4/3/2017 ,46.51,47.4,46.3,"1,413,587","65,915,650",731
 3/31/2017 ,46.59,47.34,46.22,"2,720,524","126,684,181",730
 3/30/2017 ,46.96,47.77,46.53,"2,712,593","127,789,698",729
 3/29/2017 ,47.51,48.5,47.41,"2,012,879","95,832,028",728
 3/28/2017 ,48.51,48.6,47.25,"1,371,007","66,399,250",727
 3/27/2017 ,48.17,48.25,47.15,"1,172,237","56,196,708",726
 3/24/2017 ,47.57,47.86,47.02,"1,538,399","72,918,178",725
 3/23/2017 ,47.12,48.24,47.01,"1,747,851","82,688,382",724
 3/22/2017 ,48.03,48.19,46.45,"1,488,322","71,036,845",723
 3/21/2017 ,46.73,48.29,46.51,"1,512,739","71,501,144",722
 3/17/2017 ,47.32,47.62,46.29,"6,556,968","310,064,230",721
 3/16/2017 ,46.29,46.94,45.61,"2,559,407","118,862,484",720
 3/15/2017 ,45.49,45.76,45.23,"2,406,459","109,496,179",719
 3/14/2017 ,45.45,46.42,45.31,"1,663,499","76,067,693",718
 3/13/2017 ,46.32,46.62,46.05,"926,192","42,825,850",717
 3/10/2017 ,46.52,47.14,46.21,"1,196,425","55,952,508",716
 3/9/2017 ,46.67,47.16,46.05,"745,073","34,603,046",715
 3/8/2017 ,46.69,47.3,46.34,"1,084,468","50,734,563",714
 3/7/2017 ,46.95,47.5,46.64,"1,128,839","53,045,863",713
 3/6/2017 ,47.43,47.5,46.56,"1,409,873","66,524,875",712
 3/3/2017 ,46.94,47.45,46.63,"866,530","40,705,071",711
 3/2/2017 ,46.8,46.97,46.01,"1,763,052","82,045,276",710
 3/1/2017 ,46.48,47.75,46.34,"1,713,474","80,318,075",709
 2/28/2017 ,47.42,47.56,47,"3,055,626","144,389,909",708
 2/27/2017 ,47.33,47.72,46.66,"2,013,266","95,110,168",707
 2/24/2017 ,46.95,48.14,46.65,"1,014,157","47,634,463",706
 2/23/2017 ,47.66,48.4,47.02,"1,112,163","52,806,414",705
 2/22/2017 ,48.11,48.4,47.54,"1,352,290","64,824,615",704
 2/21/2017 ,48.11,48.5,47.34,"2,238,084","107,420,468",703
 2/20/2017 ,47.97,48.43,47.27,"248,679","11,942,990",702
 2/17/2017 ,47.56,48.28,47.3,"587,794","28,015,050",701
 2/16/2017 ,47.8,48.45,47.26,"1,031,925","49,466,314",700
 2/15/2017 ,47.36,47.96,47.03,"653,446","30,870,175",699
 2/14/2017 ,47.52,48.42,47.33,"1,805,926","86,108,568",698
 2/13/2017 ,48.3,48.62,47.12,"1,391,584","66,617,163",697
 2/10/2017 ,48.44,48.95,47,"1,769,379","85,543,571",696
 2/9/2017 ,47.23,47.45,46.52,"2,277,636","107,582,582",695
 2/8/2017 ,46.74,47.73,46.5,"2,206,982","103,447,903",694
 2/7/2017 ,47.03,47.47,46.23,"1,893,961","88,688,458",693
 2/3/2017 ,47.5,47.75,45.62,"2,470,304","116,648,559",692
 2/2/2017 ,46.56,46.74,46.01,"1,512,660","70,325,977",691
 2/1/2017 ,45.85,46.87,45.6,"1,563,924","71,878,925",690
 1/31/2017 ,46.23,47.14,45.87,"3,340,165","154,715,375",689
 1/30/2017 ,46.96,47.46,46.2,"1,478,125","69,114,213",688
 1/27/2017 ,47.46,47.98,47.1,"1,293,999","61,557,401",687
 1/26/2017 ,47.49,48.19,47,"2,326,511","110,257,732",686
 1/25/2017 ,48.38,49.5,47.37,"2,431,176","116,653,152",685
 1/24/2017 ,47.53,48.48,46.51,"3,932,897","186,766,760",684
 1/23/2017 ,46.84,47.18,45.31,"1,564,513","72,901,886",683
 1/20/2017 ,45.31,46.7,45.01,"2,364,533","107,764,813",682
 1/19/2017 ,46.55,46.84,45.15,"2,074,733","95,703,543",681
 1/18/2017 ,45.82,46,45.16,"1,097,914","50,323,982",680
 1/17/2017 ,45.8,46.89,45.77,"2,505,620","115,051,188",679
 1/16/2017 ,46.63,46.87,46.5,"240,680","11,233,299",678
 1/13/2017 ,46.51,46.99,46.4,"1,463,992","68,343,548",677
 1/12/2017 ,46.47,47.4,46.25,"1,478,941","69,013,251",676
 1/11/2017 ,46.49,47.4,46.03,"1,487,783","69,585,298",675
 1/10/2017 ,46.63,46.85,46.05,"1,451,754","67,554,281",674
 1/9/2017 ,46.3,47.88,46,"3,583,293","166,444,040",673
 1/6/2017 ,47.62,48.05,47,"2,427,488","115,749,118",672
 1/5/2017 ,47.29,47.5,46.36,"2,601,413","122,689,423",671
 1/4/2017 ,47.04,47.24,46.16,"1,584,822","73,934,098",670
 1/3/2017 ,46.44,47.45,46.01,"1,847,264","86,462,286",669
 1/2/2017 ,47.15,47.38,46.35,"337,522","15,899,491",668
 12/30/2016 ,47.01,47.1,45.85,"2,063,808","96,318,300",667
 12/29/2016 ,46.94,47,45.11,"3,526,106","163,528,730",666
 12/28/2016 ,45.17,45.37,44.51,"1,053,331","47,419,180",665
 12/27/2016 ,44.43,45,44.09,"1,291,232","57,724,054",664
 12/26/2016 ,44.79,45.22,44.74,"93,989","4,215,557",663
 12/23/2016 ,44.54,45.21,44.51,"947,789","42,461,293",662
 12/22/2016 ,44.66,45.04,43.9,"1,825,410","81,250,345",661
 12/21/2016 ,45.04,45.61,44.9,"1,580,852","71,238,979",660
 12/20/2016 ,44.9,45.84,44.85,"2,225,151","100,216,115",659
 12/19/2016 ,45.48,46.12,45.38,"2,125,469","97,051,780",658
 12/16/2016 ,45.75,46.9,45.54,"6,341,137","290,855,211",657
 12/15/2016 ,46.51,47.3,46.47,"2,506,558","117,175,299",656
 12/14/2016 ,46.83,48.15,46.45,"3,427,362","162,181,170",655
 12/13/2016 ,47.74,48,46.95,"2,463,625","117,375,723",654
 12/9/2016 ,47.36,47.98,47.11,"1,892,726","89,933,654",653
 12/8/2016 ,47.51,47.79,47.11,"1,783,451","84,694,514",652
 12/7/2016 ,47.21,48.2,47.02,"2,521,328","119,633,272",651
 12/6/2016 ,47.62,47.8,46.24,"2,437,999","116,091,359",650
 12/5/2016 ,46.21,46.96,45.66,"3,032,965","140,698,186",649
 12/2/2016 ,45.37,47.66,45.17,"2,612,348","120,108,936",648
 12/1/2016 ,46.83,47.83,46.7,"1,888,612","89,005,997",647
 11/30/2016 ,47.35,47.99,46.62,"6,345,143","299,658,993",646
 11/29/2016 ,47.34,48.5,47.19,"2,224,660","105,919,920",645
 11/28/2016 ,47.96,48.5,47.75,"918,148","44,144,460",644
 11/25/2016 ,48.57,48.63,48.05,"906,966","43,860,493",643
 11/24/2016 ,48.17,48.75,48.01,"570,847","27,526,955",642
 11/23/2016 ,48.68,48.85,47.76,"1,922,387","93,141,882",641
 11/22/2016 ,48.05,48.49,46.7,"2,947,967","140,896,012",640
 11/18/2016 ,46.55,48.81,46.4,"4,517,823","212,429,065",639
 11/17/2016 ,48.66,50.07,48.5,"2,341,283","114,703,294",638
 11/16/2016 ,49.66,50.88,49.07,"3,076,486","153,440,384",637
 11/15/2016 ,49.91,52.7,49.69,"3,516,549","177,583,424",636
 11/14/2016 ,51.35,52.09,49.13,"3,763,714","193,779,300",635
 11/11/2016 ,49.93,51.5,49,"6,022,626","304,149,011",634
 11/10/2016 ,50,51.97,49.1,"7,309,409","365,471,742",633
 11/9/2016 ,52.01,52.99,49,"5,256,531","272,296,119",632
 11/8/2016 ,52.01,52.14,51.53,"2,843,507","147,718,910",631
 11/7/2016 ,51.73,52,50,"4,234,222","217,669,045",630
 11/4/2016 ,49.67,50.57,48.62,"3,619,436","180,248,472",629
 11/3/2016 ,48.75,50.25,48.53,"2,418,525","119,416,592",628
 11/1/2016 ,50.13,51.02,50.02,"2,466,332","123,725,675",627
 10/31/2016 ,50.91,51.16,50.49,"2,356,505","119,632,731",626
 10/28/2016 ,51.42,52.14,50.02,"2,689,446","137,656,181",625
 10/27/2016 ,51.51,51.72,50.4,"1,629,331","83,050,869",624
 10/26/2016 ,50.9,51.58,50.79,"1,519,820","77,720,735",623
 10/25/2016 ,51.24,52.25,51.15,"1,370,387","70,736,643",622
 10/24/2016 ,52.01,52.2,51.66,"792,569","41,129,434",621
 10/21/2016 ,51.66,51.99,51.36,"1,039,888","53,730,343",620
 10/20/2016 ,51.91,53.4,51.76,"1,441,242","75,543,789",619
 10/19/2016 ,53.3,53.51,52.08,"2,372,826","125,320,208",618
 10/18/2016 ,52,52.35,51.19,"2,373,178","123,180,496",617
 10/17/2016 ,51.14,52.43,51,"1,488,074","76,602,299",616
 10/14/2016 ,51.8,52.89,51.44,"2,197,208","114,603,986",615
 10/13/2016 ,51.2,51.71,50.76,"1,982,649","101,508,026",614
 10/12/2016 ,51.39,52.11,51.01,"4,031,523","207,444,651",613
 10/11/2016 ,52.18,52.96,52,"1,786,688","93,373,723",612
 10/10/2016 ,52.21,53.2,51.81,"1,345,780","70,819,230",611
 10/7/2016 ,51.67,52.58,51.51,"1,539,770","79,720,986",610
 10/6/2016 ,52.49,53.55,52.26,"1,149,638","60,692,516",609
 10/5/2016 ,53.29,53.6,52.76,"1,609,069","85,703,858",608
 10/4/2016 ,53.41,53.5,52.36,"2,038,793","108,113,239",607
 10/3/2016 ,53.03,53.2,51.1,"2,009,206","105,353,309",606
 9/30/2016 ,51.11,53.24,50.9,"3,204,083","165,319,340",605
 9/29/2016 ,52.9,54,52.71,"1,149,035","61,198,948",604
 9/28/2016 ,53.28,54.89,53.1,"1,471,578","78,835,468",603
 9/27/2016 ,54.48,54.67,52.65,"3,628,005","195,770,472",602
 9/26/2016 ,52.75,53.47,52.2,"1,728,849","90,972,803",601
 9/23/2016 ,53.55,53.75,52.35,"3,544,274","188,523,464",600
 9/22/2016 ,53.02,53.25,52.14,"2,426,267","128,089,251",599
 9/21/2016 ,52.34,52.79,51.52,"1,888,094","98,857,450",598
 9/20/2016 ,52.61,52.92,51.78,"2,575,500","135,416,080",597
 9/19/2016 ,52.21,52.39,50.66,"2,062,937","106,707,156",596
 9/15/2016 ,51.22,51.48,50.2,"10,237,432","522,682,601",595
 9/14/2016 ,50.49,52.68,50.28,"4,998,979","255,310,334",594
 9/13/2016 ,52.5,53.9,52.26,"5,550,644","292,936,814",593
 9/12/2016 ,53.99,54.25,52.03,"2,999,330","159,567,651",592
 9/9/2016 ,53.52,53.84,53.2,"2,292,762","122,620,037",591
 9/8/2016 ,53.71,53.79,53.2,"1,478,386","79,263,349",590
 9/7/2016 ,53.53,54.24,53.08,"1,319,966","70,523,434",589
 9/6/2016 ,54.09,54.52,53.3,"2,129,961","114,863,525",588
 9/5/2016 ,54.13,54.8,53.85,"502,820","27,231,683",587
 9/2/2016 ,54.88,54.94,53.19,"1,776,378","96,735,168",586
 9/1/2016 ,53.11,53.58,52.81,"1,278,246","67,812,188",585
 8/31/2016 ,53.49,53.58,52.75,"3,894,071","207,400,179",584
 8/30/2016 ,53.03,53.4,52.75,"1,433,961","76,010,557",583
 8/29/2016 ,53.01,53.9,52.8,"1,537,648","81,552,745",582
 8/26/2016 ,53.35,55.02,53,"2,842,203","152,946,413",581
 8/25/2016 ,55.02,55.5,54.95,"1,126,384","62,004,711",580
 8/24/2016 ,55.19,55.4,54.78,"904,034","49,790,812",579
 8/23/2016 ,54.76,55.84,54.61,"1,301,293","71,713,288",578
 8/22/2016 ,55.76,55.95,54.51,"1,172,291","64,790,462",577
 8/19/2016 ,55.16,55.67,54.5,"1,143,426","63,015,545",576
 8/18/2016 ,55.64,55.77,54.5,"1,501,089","82,882,504",575
 8/17/2016 ,55.16,55.5,54.52,"1,360,813","74,706,967",574
 8/16/2016 ,54.97,56,54.85,"1,811,296","99,993,039",573
 8/15/2016 ,55.42,56.2,55.2,"3,350,632","186,197,347",572
 8/12/2016 ,55.18,55.84,55.04,"1,840,759","101,904,322",571
 8/11/2016 ,55.12,56.5,54.93,"3,930,447","218,655,397",570
 8/10/2016 ,55.94,56,55.37,"1,379,873","76,959,758",569
 8/9/2016 ,55.54,56.25,55.09,"2,297,487","127,254,966",568
 8/8/2016 ,55.84,56.09,54.9,"2,634,606","146,688,432",567
 8/5/2016 ,55.56,56.01,54.86,"1,256,532","69,499,454",566
 8/4/2016 ,55.58,55.91,54.85,"2,001,678","110,994,808",565
 8/3/2016 ,55.2,55.85,54.91,"3,161,422","175,594,818",564
 8/2/2016 ,54.86,55.65,54,"2,812,117","154,726,408",563
 8/1/2016 ,55.64,56.1,55.51,"3,358,348","187,357,322",562
 7/29/2016 ,55.89,56.4,55.65,"4,086,865","228,790,724",561
 7/28/2016 ,56.4,56.89,55.5,"1,695,807","95,235,447",560
 7/27/2016 ,56.26,57.9,56.03,"2,984,579","168,664,549",559
 7/26/2016 ,56.46,58.33,56.13,"3,081,561","176,311,298",558
 7/25/2016 ,57.59,59.37,57.1,"1,368,672","78,928,827",557
 7/22/2016 ,58.82,59.5,58.11,"1,118,586","65,894,515",556
 7/21/2016 ,58.82,59.37,58.33,"2,146,959","126,135,898",555
 7/20/2016 ,58.79,58.99,57.75,"1,964,557","114,823,349",554
 7/19/2016 ,58.98,59.5,58.65,"2,446,132","144,554,581",553
 7/18/2016 ,58.8,59,58.14,"1,263,765","74,150,578",552
 7/15/2016 ,58.77,59.73,57.35,"2,380,384","139,467,963",551
 7/14/2016 ,59.63,59.73,57.3,"3,836,454","226,906,150",550
 7/13/2016 ,57.14,57.88,56.36,"1,554,588","88,676,118",549
 7/12/2016 ,57.22,57.9,57,"1,732,028","99,433,901",548
 7/11/2016 ,57,58.35,56.67,"1,757,389","100,530,048",547
 7/8/2016 ,56.79,57.5,56,"1,075,133","60,848,388",546
 7/7/2016 ,56.09,57.44,56,"2,851,853","160,670,920",545
 7/6/2016 ,56.95,58.47,56.75,"2,065,992","118,215,959",544
 7/5/2016 ,58.34,59.77,57.76,"1,710,830","99,877,616",543
 7/4/2016 ,59.86,60.86,57.74,"852,935","50,588,979",542
 7/1/2016 ,58.02,58.99,57.31,"1,757,267","102,482,370",541
 6/30/2016 ,57.22,58.39,56.7,"2,340,307","134,041,089",540
 6/29/2016 ,57.48,57.63,56.64,"2,118,591","121,496,957",539
 6/28/2016 ,56.1,56.85,55.85,"1,716,043","96,609,268",538
 6/27/2016 ,55.55,55.9,54.05,"1,805,508","99,322,631",537
 6/24/2016 ,55.56,57.4,54.5,"2,451,502","135,812,489",536
 6/23/2016 ,57.84,58.17,56.2,"1,696,194","97,477,919",535
 6/22/2016 ,56.38,56.67,54.75,"2,012,932","112,441,395",534
 6/21/2016 ,55.03,55.72,54.09,"2,866,476","157,657,406",533
 6/20/2016 ,54.84,56.5,54.3,"1,440,315","80,020,776",532
 6/17/2016 ,55.58,56.3,54.27,"4,466,105","248,196,646",531
 6/16/2016 ,54.78,54.9,53,"2,233,935","121,451,299",530
 6/15/2016 ,53.53,53.9,52.51,"2,933,170","156,693,117",529
 6/14/2016 ,52.5,53.59,52,"5,023,354","263,917,391",528
 6/13/2016 ,53.34,54.32,53,"1,634,800","87,473,267",527
 6/10/2016 ,53.68,54.75,53.05,"1,314,195","70,616,437",526
 6/9/2016 ,54.25,55.48,54.01,"1,809,215","99,161,794",525
 6/8/2016 ,54.53,56.27,54.29,"2,401,102","132,579,542",524
 6/7/2016 ,55.24,55.59,54.32,"2,931,052","162,035,336",523
 6/6/2016 ,54.27,54.82,54,"938,517","51,014,865",522
 6/3/2016 ,54.46,54.87,53.33,"2,310,831","125,973,370",521
 6/2/2016 ,53.69,54.17,53.45,"2,630,947","141,620,532",520
 6/1/2016 ,53.68,54.85,53.54,"3,598,173","194,569,738",519
 5/31/2016 ,54.41,55.42,54,"13,353,718","727,533,310",518
 5/30/2016 ,55.5,55.75,55,"521,914","28,965,561",517
 5/27/2016 ,55.4,55.93,55.08,"1,905,368","105,510,487",516
 5/26/2016 ,55.29,56.49,55.05,"3,723,666","205,860,953",515
 5/25/2016 ,56.33,57,56.14,"1,162,258","65,793,019",514
 5/24/2016 ,56.06,56.95,55.15,"1,468,842","82,278,790",513
 5/23/2016 ,55.27,55.92,55.11,"4,283,889","237,223,774",512
 5/20/2016 ,55.18,56.89,55.01,"1,685,344","93,483,028",511
 5/19/2016 ,56.95,57.09,55.99,"2,033,696","114,884,393",510
 5/18/2016 ,56.85,57.12,55.52,"2,992,345","168,374,173",509
 5/17/2016 ,57.02,57.24,54.33,"4,231,362","235,725,806",508
 5/16/2016 ,54.61,54.88,54.3,"1,154,351","62,998,493",507
 5/13/2016 ,54.35,54.4,52.81,"1,252,765","67,890,439",506
 5/12/2016 ,54.2,55.78,53.99,"2,353,167","128,498,468",505
 5/11/2016 ,55.1,55.51,54.47,"10,107,395","555,487,751",504
 5/10/2016 ,54.97,55.94,54.2,"4,016,033","221,414,776",503
 5/9/2016 ,54.34,54.68,52.62,"1,658,437","89,144,953",502
 5/6/2016 ,53.45,53.5,52.11,"1,263,271","66,598,411",501
 5/5/2016 ,52.95,53.93,52.7,"1,700,304","90,388,481",500
 5/4/2016 ,53.99,54.25,52.02,"4,206,755","225,549,779",499
 5/3/2016 ,52.81,53.18,52,"1,365,824","71,774,161",498
 5/2/2016 ,53.26,53.75,52.01,"1,181,072","62,728,387",497
 4/29/2016 ,52.45,52.65,51.2,"1,395,604","72,753,308",496
 4/28/2016 ,52.12,52.3,51.2,"4,233,711","220,171,528",495
 4/27/2016 ,51.57,51.66,50.6,"7,392,894","379,982,707",494
 4/26/2016 ,50.32,50.5,49.5,"1,517,674","76,184,573",493
 4/25/2016 ,49.95,50.48,49.79,"1,551,950","77,870,390",492
 4/22/2016 ,50.02,50.67,49.91,"1,263,509","63,436,682",491
 4/21/2016 ,50.62,50.79,49.79,"1,220,957","61,385,944",490
 4/20/2016 ,50.5,50.55,49.51,"3,978,359","200,201,417",489
 4/19/2016 ,50.18,50.29,48.26,"9,305,773","464,866,635",488
 4/18/2016 ,47.8,49.5,47.68,"3,115,180","150,985,013",487
 4/15/2016 ,49.15,49.61,48.88,"2,685,361","132,108,513",486
 4/14/2016 ,49.28,49.9,49.1,"1,682,680","83,194,330",485
 4/13/2016 ,49.15,49.98,49.02,"3,333,910","165,691,736",484
 4/12/2016 ,49.5,49.7,49,"2,914,045","144,003,594",483
 4/11/2016 ,49.01,49.64,48.85,"1,774,413","87,254,308",482
 4/8/2016 ,49.11,50.05,49.06,"1,760,088","86,874,844",481
 4/7/2016 ,49.31,49.45,48.9,"3,976,390","195,429,124",480
 4/6/2016 ,49.42,49.8,49.2,"1,530,374","75,783,344",479
 4/5/2016 ,49.44,50.49,49.25,"2,210,084","109,744,358",478
 4/4/2016 ,49.93,50.9,49.82,"4,327,028","216,626,145",477
 4/1/2016 ,50.58,51.07,49.88,"4,164,276","209,869,487",476
 3/31/2016 ,51.07,51.9,50.5,"2,910,766","148,607,823",475
 3/30/2016 ,51.48,51.97,50.9,"1,619,305","83,287,500",474
 3/29/2016 ,51.47,51.77,50.82,"1,551,567","79,585,656",473
 3/28/2016 ,51.52,51.76,51.01,"634,184","32,649,867",472
 3/23/2016 ,51.4,51.84,50.59,"2,549,228","130,715,514",471
 3/22/2016 ,51.51,52.27,50.1,"1,819,404","93,789,976",470
 3/18/2016 ,51.06,53.18,50.55,"6,888,891","356,223,223",469
 3/17/2016 ,51.82,51.85,50.55,"2,972,424","153,055,635",468
 3/16/2016 ,50.54,51.28,50,"2,435,703","123,192,344",467
 3/15/2016 ,50.54,51.29,50.3,"1,588,785","80,460,567",466
 3/14/2016 ,50.97,51.38,50.05,"1,519,868","76,995,155",465
 3/11/2016 ,50.34,52,50.2,"2,527,391","128,364,011",464
 3/10/2016 ,50.85,51.95,50.01,"2,372,984","120,167,984",463
 3/9/2016 ,51.51,52.49,51,"1,382,537","71,264,430",462
 3/8/2016 ,52.31,52.49,51,"1,546,439","80,026,243",461
 3/7/2016 ,51.71,52.49,51.5,"1,174,382","61,192,293",460
 3/4/2016 ,52.33,54.5,52.13,"1,983,658","105,517,231",459
 3/3/2016 ,52.72,54.24,52.25,"2,526,480","133,995,624",458
 3/2/2016 ,53.91,54.79,53.55,"2,960,506","159,818,562",457
 3/1/2016 ,53.47,53.68,52.25,"4,002,878","213,191,618",456
 2/29/2016 ,51.5,52.49,51.1,"2,908,311","150,123,822",455
 2/26/2016 ,51.73,52.79,51.05,"1,497,597","77,947,272",454
 2/25/2016 ,51.05,51.69,50.77,"1,935,010","98,962,286",453
 2/24/2016 ,51.21,52.6,51,"1,736,308","89,043,349",452
 2/23/2016 ,52.11,53.44,51.6,"1,288,424","67,542,106",451
 2/22/2016 ,53.71,53.75,52.51,"1,843,468","98,258,293",450
 2/19/2016 ,52.83,53,51.6,"1,537,618","80,641,265",449
 2/18/2016 ,52,52.29,51.27,"1,998,041","103,797,495",448
 2/17/2016 ,51.27,52.02,51,"3,413,871","175,943,532",447
 2/16/2016 ,50.99,51.73,50.75,"1,553,199","79,593,357",446
 2/15/2016 ,51.44,51.79,50.66,"713,966","36,770,948",445
 2/12/2016 ,50.41,51.52,50.2,"972,435","49,637,357",444
 2/11/2016 ,50.67,51.87,49.8,"1,269,616","63,986,635",443
 2/10/2016 ,51.87,52.75,51.32,"1,000,820","52,101,516",442
 2/9/2016 ,51.4,51.53,50.17,"730,511","37,185,326",441
 2/8/2016 ,50.59,51.54,49.67,"912,308","46,039,533",440
 2/5/2016 ,50.1,52.18,49.6,"1,107,235","56,064,759",439
 2/4/2016 ,51.52,52.92,51.01,"1,732,143","89,849,402",438
 2/3/2016 ,51.41,52.75,51.2,"2,162,637","112,458,235",437
 2/2/2016 ,51.81,53.47,49.84,"6,036,326","314,680,334",436
 1/29/2016 ,50.66,51.47,48.75,"3,868,567","195,606,086",435
 1/28/2016 ,48.97,49.15,47.94,"2,414,570","118,214,269",434
 1/27/2016 ,48.01,48.55,47.23,"2,334,804","112,332,393",433
 1/26/2016 ,47.97,48.14,47.02,"1,709,856","81,464,974",432
 1/25/2016 ,47.1,47.6,46.71,"1,129,300","53,266,807",431
 1/22/2016 ,47.38,47.6,46.99,"927,506","43,877,349",430
 1/21/2016 ,47.24,47.6,46.64,"1,449,069","68,290,598",429
 1/20/2016 ,46.65,47.11,45.86,"1,731,346","80,462,631",428
 1/19/2016 ,46.73,47.25,46,"2,221,948","103,855,733",427
 1/18/2016 ,46.54,47.13,46.5,"602,540","28,083,709",426
 1/15/2016 ,47.18,47.51,46.11,"2,895,173","136,643,196",425
 1/14/2016 ,47.44,47.99,46,"2,002,244","94,592,097",424
 1/13/2016 ,47.46,47.96,46.65,"3,025,284","142,272,692",423
 1/12/2016 ,47.29,47.97,46.77,"1,897,769","89,658,302",422
 1/11/2016 ,47.32,47.6,45.62,"2,478,968","116,041,173",421
 1/8/2016 ,46.56,46.85,45.26,"2,862,802","132,264,425",420
 1/7/2016 ,46.18,46.39,44.99,"2,338,230","107,526,588",419
 1/6/2016 ,45.97,46.24,45.1,"1,992,396","91,459,164",418
 1/5/2016 ,45.77,46.13,44.8,"1,991,164","90,347,641",417
 1/4/2016 ,45.02,45.82,44.71,"1,056,415","47,565,577",416
 12/31/2015 ,45.95,46,45.08,"323,436","14,845,342",415
 12/30/2015 ,45.55,46.79,45.5,"1,063,581","48,669,214",414
 12/29/2015 ,46.56,47.24,46.14,"469,212","21,916,899",413
 12/28/2015 ,46.4,47.31,45.97,"990,777","46,275,484",412
 12/24/2015 ,46.41,46.9,46.29,"223,333","10,416,770",411
 12/23/2015 ,46.77,46.98,46.27,"1,094,438","51,258,392",410
 12/22/2015 ,46.18,47,46.02,"1,053,931","48,959,553",409
 12/21/2015 ,46.27,46.98,46.16,"1,106,354","51,388,075",408
 12/18/2015 ,46.31,47.87,46,"3,380,063","156,717,645",407
 12/17/2015 ,47.77,48.05,46.25,"1,368,495","64,512,190",406
 12/16/2015 ,46.69,46.8,46,"1,565,276","72,808,386",405
 12/15/2015 ,46.05,46.8,45.33,"2,098,425","97,011,054",404
 12/14/2015 ,45.6,46.99,43.98,"1,707,274","76,804,122",403
 12/11/2015 ,45.34,45.75,43.65,"1,954,057","88,182,805",402
 12/10/2015 ,45.07,45.89,45,"1,027,414","46,460,249",401
 12/9/2015 ,45.21,46.08,44.9,"1,743,115","78,703,313",400
 12/8/2015 ,45.74,46.36,45.5,"1,890,789","86,520,006",399
 12/7/2015 ,46.35,47.01,46,"839,879","38,967,768",398
 12/4/2015 ,46.36,47.5,46.21,"959,397","44,751,183",397
 12/3/2015 ,46.59,47.07,45.9,"1,113,645","51,846,135",396
 12/2/2015 ,47.25,48,46.87,"922,308","43,586,353",395
 12/1/2015 ,47.59,47.79,46.38,"2,527,480","119,293,628",394
 11/30/2015 ,45.88,47.44,45.3,"6,790,584","312,549,800",393
 11/27/2015 ,46.95,47.63,46.6,"755,326","35,533,988",392
 11/26/2015 ,47.1,47.73,46.89,"676,696","31,858,748",391
 11/25/2015 ,46.89,47.95,46.55,"2,401,787","112,747,872",390
 11/24/2015 ,47.46,48.54,47.24,"2,008,895","95,606,103",389
 11/23/2015 ,48.51,48.97,48.04,"993,645","48,347,278",388
 11/20/2015 ,49.04,49.26,48.32,"1,222,680","59,850,137",387
 11/19/2015 ,48.48,48.5,47.19,"1,361,997","65,707,265",386
 11/18/2015 ,47.18,47.75,46.94,"957,078","45,239,664",385
 11/17/2015 ,46.87,48.84,46.76,"2,440,157","114,937,939",384
 11/13/2015 ,46.9,47.22,46.74,"1,037,451","48,655,069",383
 11/12/2015 ,47.15,47.98,46.63,"1,226,992","57,711,664",382
 11/11/2015 ,48.14,48.67,46.3,"1,676,814","79,327,690",381
 11/10/2015 ,46.82,46.98,46.11,"1,731,509","80,583,766",380
 11/9/2015 ,46.91,47.48,46.01,"1,156,641","54,090,464",379
 11/6/2015 ,47.19,47.71,46.5,"2,095,165","98,837,251",378
 11/5/2015 ,47.09,48.98,46.64,"1,949,948","93,184,862",377
 11/4/2015 ,48.75,49,47.44,"1,463,026","71,348,537",376
 11/3/2015 ,48.49,49,46.78,"2,553,890","124,115,545",375
 10/30/2015 ,46.87,47.02,45.7,"3,477,552","161,489,289",374
 10/29/2015 ,46.61,46.93,45.58,"2,004,184","92,170,897",373
 10/28/2015 ,46.68,47.17,46,"1,196,487","55,809,673",372
 10/27/2015 ,46.92,48,46.8,"1,779,074","84,239,622",371
 10/26/2015 ,47.7,47.83,46.75,"1,156,922","54,638,284",370
 10/23/2015 ,47.34,47.8,46.82,"1,563,141","73,720,239",369
 10/22/2015 ,47.55,47.86,45.05,"3,543,462","167,963,029",368
 10/21/2015 ,45.86,46.09,44.7,"1,094,345","49,697,032",367
 10/20/2015 ,45.22,45.68,44.44,"1,361,084","61,180,844",366
 10/19/2015 ,45.05,45.15,44.43,"1,723,469","77,368,134",365
 10/16/2015 ,44.88,45,43.98,"1,463,600","65,267,812",364
 10/15/2015 ,44.05,44.48,43.24,"945,764","41,540,340",363
 10/14/2015 ,44.1,44.63,43.84,"677,718","29,980,142",362
 10/13/2015 ,44.34,44.83,44.03,"1,093,681","48,591,734",361
 10/12/2015 ,44.79,45,44.07,"1,767,603","78,907,281",360
 10/9/2015 ,44.25,44.4,43.12,"1,533,914","67,513,000",359
 10/8/2015 ,43.6,44.5,42.91,"2,401,407","105,417,873",358
 10/7/2015 ,43.98,44.25,43.28,"3,285,355","143,967,439",357
 10/6/2015 ,43.87,44,43.2,"1,677,927","73,328,064",356
 10/5/2015 ,43.47,43.6,42.58,"3,625,148","156,652,642",355
 10/2/2015 ,42.54,42.87,42.31,"1,994,558","84,954,404",354
 10/1/2015 ,42.95,43.03,42.2,"2,952,937","126,029,685",353
 9/30/2015 ,42.81,42.89,41.5,"4,837,810","206,399,801",352
 9/29/2015 ,41.34,42.5,41.21,"1,348,925","55,999,852",351
 9/28/2015 ,41.39,41.9,41.02,"1,458,325","60,409,494",350
 9/25/2015 ,41.5,42.55,41.26,"1,247,922","51,971,063",349
 9/24/2015 ,41.86,42.7,41.6,"2,072,974","87,542,296",348
 9/23/2015 ,42.59,43.19,42.21,"1,404,698","59,720,165",347
 9/22/2015 ,43.09,43.2,41.8,"1,205,352","51,603,330",346
 9/21/2015 ,42.58,42.87,42.15,"598,938","25,488,273",345
 9/18/2015 ,42.53,42.67,41.85,"3,518,464","149,328,262",344
 9/17/2015 ,42.29,43,41.79,"1,994,568","84,513,782",343
 9/15/2015 ,42.05,42.7,41.65,"1,469,964","61,925,823",342
 9/14/2015 ,41.79,42.2,41.51,"1,355,540","56,590,843",341
 9/11/2015 ,41.83,42.4,41.76,"626,055","26,268,437",340
 9/10/2015 ,42.1,42.33,41.22,"1,409,330","58,953,704",339
 9/9/2015 ,41.76,42.75,41.64,"1,380,334","58,000,892",338
 9/8/2015 ,42.3,42.5,41.85,"1,111,296","46,902,630",337
 9/7/2015 ,42.13,42.5,41.8,"231,042","9,726,536",336
 9/4/2015 ,42.3,42.55,41.96,"1,258,213","52,976,069",335
 9/3/2015 ,42.35,42.99,42.04,"1,041,816","44,201,253",334
 9/2/2015 ,42.61,43.03,42.27,"1,542,165","65,885,640",333
 9/1/2015 ,42.33,43,41.54,"2,512,030","106,134,131",332
 8/31/2015 ,43.08,43.28,41.19,"4,218,893","180,583,991",331
 8/28/2015 ,41.4,42.35,41.18,"1,768,738","73,913,193",330
 8/27/2015 ,42.33,42.46,40.1,"4,631,455","194,008,308",329
 8/26/2015 ,40.1,40.6,39.25,"2,016,144","80,669,825",328
 8/25/2015 ,39.69,40.79,39.3,"2,824,735","113,129,936",327
 8/24/2015 ,39.12,40.49,38.35,"2,373,440","93,608,484",326
 8/21/2015 ,40.36,41.37,40.18,"1,433,841","58,223,679",325
 8/20/2015 ,41.14,41.46,40.03,"1,142,910","46,670,708",324
 8/19/2015 ,40.98,41.73,40.43,"1,411,814","57,800,514",323
 8/18/2015 ,41.79,42.16,41.69,"1,456,828","61,013,572",322
 8/17/2015 ,42.1,42.46,41.6,"1,249,780","52,684,523",321
 8/14/2015 ,41.8,42.5,41.6,"845,434","35,535,100",320
 8/13/2015 ,42.02,43.18,41.91,"2,183,706","92,209,184",319
 8/12/2015 ,42.65,43,42,"1,826,100","77,311,923",318
 8/11/2015 ,43,43.73,42.76,"1,360,470","58,622,905",317
 8/10/2015 ,43.75,43.87,43,"581,328","25,367,143",316
 8/7/2015 ,43.54,43.6,42.97,"519,553","22,587,662",315
 8/6/2015 ,43.12,43.77,43.01,"591,447","25,677,887",314
 8/5/2015 ,43.87,44.05,43.57,"1,770,856","77,667,571",313
 8/4/2015 ,43.87,44.05,43.14,"1,282,175","55,921,076",312
 8/3/2015 ,43.64,43.76,43,"1,770,906","76,916,466",311
 7/31/2015 ,43.23,43.41,42.55,"3,230,104","139,535,109",310
 7/30/2015 ,42.49,42.79,41.69,"909,176","38,511,863",309
 7/29/2015 ,41.9,42.71,41.73,"1,999,301","84,302,103",308
 7/28/2015 ,42.35,42.95,41.8,"1,928,494","81,921,643",307
 7/27/2015 ,42.12,42.73,41.55,"1,266,410","53,154,752",306
 7/24/2015 ,41.91,43.3,41.79,"1,005,772","42,495,690",305
 7/23/2015 ,43.08,43.3,42.56,"1,822,143","78,487,189",304
 7/22/2015 ,42.5,43.59,42,"3,374,555","145,726,185",303
 7/21/2015 ,43.63,43.8,42.5,"2,797,491","120,785,468",302
 7/20/2015 ,42.5,42.8,42.4,"510,734","21,777,634",301
 7/17/2015 ,42.5,42.59,42.05,"1,252,895","53,008,553",300
 7/16/2015 ,42,42.29,41.6,"1,014,141","42,450,388",299
 7/15/2015 ,41.82,42.15,41.75,"1,248,948","52,367,990",298
 7/14/2015 ,42.05,42.33,41.73,"625,131","26,287,447",297
 7/13/2015 ,42.1,42.8,41.7,"1,832,279","77,389,773",296
 7/10/2015 ,42.58,42.71,41.41,"2,511,323","106,039,921",295
 7/9/2015 ,41.77,41.95,41.17,"2,227,702","92,658,157",294
 7/8/2015 ,41.08,41.48,40.98,"1,156,044","47,661,041",293
 7/7/2015 ,41.38,41.67,40.86,"1,667,402","68,846,489",292
 7/6/2015 ,41.51,41.78,41.05,"1,798,389","74,610,721",291
 7/3/2015 ,41.39,41.45,40.7,"705,224","29,103,299",290
 7/2/2015 ,41.14,41.45,40.95,"1,895,005","78,255,215",289
 7/1/2015 ,40.83,41.42,40.54,"1,740,662","71,328,455",288
 6/30/2015 ,40.66,40.81,40.21,"4,022,478","162,939,407",287
 6/29/2015 ,40.61,41.18,40.5,"1,874,219","76,209,150",286
 6/26/2015 ,41.39,41.58,41.22,"905,105","37,452,074",285
 6/25/2015 ,41.38,41.55,40.8,"2,382,977","98,346,490",284
 6/24/2015 ,41.22,41.43,40.76,"1,902,658","78,541,368",283
 6/23/2015 ,41.04,41.33,40.5,"1,869,782","76,400,545",282
 6/22/2015 ,40.38,40.81,40.25,"1,260,672","51,057,351",281
 6/19/2015 ,40.81,41.07,40.7,"4,377,538","178,705,006",280
 6/18/2015 ,40.95,41,40.5,"2,462,989","100,749,632",279
 6/17/2015 ,40.69,40.94,40.31,"1,735,004","70,380,837",278
 6/16/2015 ,40.63,40.94,40.48,"733,529","29,850,347",277
 6/15/2015 ,40.6,40.95,40.32,"875,147","35,524,626",276
 6/12/2015 ,41.02,41.43,40.75,"1,600,914","65,565,802",275
 6/11/2015 ,41.24,41.56,41.1,"883,371","36,490,973",274
 6/10/2015 ,41.31,41.89,41,"2,691,281","111,771,386",273
 6/9/2015 ,41.25,41.81,40.5,"1,549,422","64,119,352",272
 6/8/2015 ,40.94,41.29,40.21,"1,608,499","65,852,262",271
 6/5/2015 ,40.31,40.45,40.21,"806,007","32,512,398",270
 6/4/2015 ,40.26,40.39,40.04,"1,955,374","78,619,515",269
 6/3/2015 ,40.44,41.2,40.12,"3,983,419","161,276,343",268
 6/2/2015 ,40.73,41.19,40.14,"2,257,309","91,974,269",267
 6/1/2015 ,41.08,41.96,40.8,"1,286,586","52,830,973",266
 5/29/2015 ,41.68,41.98,40.66,"5,664,366","235,208,945",265
 5/28/2015 ,40.98,41.34,40.8,"757,970","31,077,189",264
 5/27/2015 ,40.88,41.2,40.6,"1,509,373","61,703,841",263
 5/26/2015 ,40.9,41.63,40.02,"2,627,229","107,575,320",262
 5/25/2015 ,41.62,41.75,41.56,"209,998","8,738,790",261
 5/22/2015 ,41.76,42.53,41.52,"2,513,599","104,709,204",260
 5/21/2015 ,41.92,42.75,41.8,"947,680","39,953,931",259
 5/20/2015 ,42.25,42.58,41.98,"680,003","28,704,060",258
 5/19/2015 ,42.44,42.95,42.2,"1,874,263","79,690,190",257
 5/18/2015 ,42.5,42.69,42.1,"624,596","26,500,420",256
 5/15/2015 ,42.38,43,42.14,"655,593","27,820,943",255
 5/14/2015 ,42.91,43.19,42.48,"1,451,736","62,465,686",254
 5/13/2015 ,42.69,42.78,41.83,"1,378,101","58,684,371",253
 5/12/2015 ,41.87,42.2,41.36,"1,356,888","56,505,070",252
 5/11/2015 ,41.63,42.3,41.45,"852,212","35,711,493",251
 5/8/2015 ,41.9,42.42,41.74,"2,212,480","92,956,306",250
 5/7/2015 ,41.68,42.22,41.36,"895,858","37,315,512",249
 5/6/2015 ,42.09,42.49,41.4,"1,165,271","48,716,324",248
 5/5/2015 ,42.26,42.39,41.6,"1,749,265","73,647,369",247
 5/4/2015 ,41.69,42,41,"2,481,085","102,491,135",246
 4/30/2015 ,41.2,42.93,41,"4,702,294","194,432,215",245
 4/29/2015 ,42.14,42.61,41.97,"1,665,212","70,406,151",244
 4/28/2015 ,42.18,42.9,42.01,"1,557,947","65,798,271",243
 4/27/2015 ,42.1,43.39,42.01,"1,644,747","69,974,021",242
 4/24/2015 ,42.36,43.73,42.22,"2,719,960","116,793,335",241
 4/23/2015 ,43.19,43.4,42,"2,088,666","89,357,089",240
 4/22/2015 ,42.13,42.79,42.03,"2,668,458","112,497,703",239
 4/21/2015 ,42.67,42.8,42,"1,240,541","52,864,211",238
 4/20/2015 ,42.18,43.08,42,"2,183,022","92,441,256",237
 4/17/2015 ,42.69,43.47,42.6,"1,043,558","44,806,428",236
 4/16/2015 ,43.53,43.69,42.55,"5,262,133","226,417,185",235
 4/15/2015 ,42.74,43,42.5,"4,407,457","188,533,559",234
 4/14/2015 ,42.53,42.99,42.4,"2,009,578","85,736,172",233
 4/13/2015 ,42.78,43.06,42.5,"2,100,366","90,210,170",232
 4/10/2015 ,43,43.57,42.79,"3,456,438","148,636,621",231
 4/9/2015 ,42.99,44.47,42.76,"2,029,876","87,516,755",230
 4/8/2015 ,43.43,44.57,43.17,"1,964,917","85,831,659",229
 4/7/2015 ,44.04,44.74,43.5,"1,265,607","56,080,535",228
 4/6/2015 ,44.33,44.5,43.09,"2,252,790","99,267,870",227
 4/1/2015 ,43.22,44.25,42.46,"1,659,346","71,250,626",226
 3/31/2015 ,43.26,43.79,42.71,"2,812,134","121,731,965",225
 3/30/2015 ,43.13,43.41,42.11,"1,335,626","57,495,174",224
 3/27/2015 ,42.62,43.49,42.52,"2,645,896","112,931,239",223
 3/26/2015 ,42.49,43.61,42.4,"3,300,315","140,811,049",222
 3/25/2015 ,43.78,44.48,43.45,"2,291,718","100,520,746",221
 3/24/2015 ,44.49,44.55,43.54,"2,349,017","104,081,642",220
 3/23/2015 ,43.91,44.06,43.3,"2,815,001","123,584,656",219
 3/20/2015 ,44.21,44.47,42.68,"10,101,951","443,304,600",218
 3/19/2015 ,42.81,43,42.23,"3,492,010","149,466,367",217
 3/18/2015 ,43.07,43.09,41.69,"1,962,916","83,515,423",216
 3/17/2015 ,42.08,42.5,41.75,"6,645,579","279,285,782",215
 3/13/2015 ,42.5,42.6,41.51,"1,645,948","69,507,675",214
 3/12/2015 ,42.47,42.5,41.03,"1,756,053","74,158,943",213
 3/11/2015 ,41.82,42.23,40.6,"2,240,568","92,589,905",212
 3/10/2015 ,40.87,41.25,40.7,"2,087,842","85,486,181",211
 3/9/2015 ,41.64,41.77,40.48,"1,570,552","64,513,012",210
 3/6/2015 ,40.81,41.2,40.65,"2,075,507","84,859,746",209
 3/5/2015 ,41.13,42,41.06,"2,582,224","107,351,322",208
 3/4/2015 ,41.81,41.99,41.56,"1,056,474","44,163,079",207
 3/3/2015 ,41.92,42.14,41.58,"1,575,765","65,985,246",206
 3/2/2015 ,41.79,42.2,41.41,"3,335,376","139,466,568",205
 2/27/2015 ,42.22,42.5,41.25,"4,489,877","187,957,578",204
 2/26/2015 ,42.74,43.1,42.04,"2,668,036","113,046,523",203
 2/25/2015 ,42.35,43,41.75,"1,969,173","83,536,327",202
 2/24/2015 ,42.85,42.98,41.97,"2,048,742","87,501,524",201
 2/23/2015 ,42.94,43.08,41.87,"3,030,985","129,308,105",200
 2/20/2015 ,41.81,42.2,41.6,"1,273,505","53,280,769",199
 2/19/2015 ,42,42.21,41.26,"2,020,097","84,859,887",198
 2/18/2015 ,42.14,42.33,40.58,"2,115,033","88,418,112",197
 2/17/2015 ,40.92,41,40.4,"1,178,767","48,037,619",196
 2/16/2015 ,40.46,40.59,40,"311,916","12,617,843",195
 2/13/2015 ,40.62,40.8,40.34,"1,525,219","61,834,899",194
 2/12/2015 ,40.55,40.68,39.65,"1,946,711","78,335,502",193
 2/11/2015 ,39.69,39.8,38.55,"2,905,804","114,248,409",192
 2/10/2015 ,38.92,39.46,38.58,"3,270,647","127,325,446",191
 2/9/2015 ,38.81,39.47,38.63,"1,310,819","51,093,764",190
 2/6/2015 ,39.33,39.49,38.53,"1,512,107","59,113,704",189
 2/5/2015 ,38.77,39.43,38.46,"2,368,043","92,004,035",188
 2/4/2015 ,39.03,39.8,38.81,"1,897,216","74,346,395",187
 2/3/2015 ,39.77,39.9,38.2,"2,591,900","102,021,546",186
 1/30/2015 ,38.14,39.62,38,"2,971,779","113,869,900",185
 1/29/2015 ,39.43,39.93,39.13,"1,154,237","45,469,591",184
 1/28/2015 ,39.23,40.5,38.95,"1,816,444","71,764,732",183
 1/27/2015 ,39.95,40.71,39.54,"2,702,544","108,684,330",182
 1/26/2015 ,40.3,40.7,39.88,"1,690,496","68,180,654",181
 1/23/2015 ,40.41,41.09,40.05,"1,391,768","56,725,203",180
 1/22/2015 ,40.87,41,40,"2,620,447","107,104,598",179
 1/21/2015 ,40.1,40.46,39.42,"2,247,404","89,519,453",178
 1/20/2015 ,39.8,39.9,39.05,"1,263,294","50,089,326",177
 1/19/2015 ,39.18,39.55,39,"412,462","16,196,789",176
 1/16/2015 ,39.16,39.34,37.75,"1,154,629","44,746,319",175
 1/15/2015 ,37.81,39.08,37.61,"1,877,564","71,481,783",174
 1/14/2015 ,38.84,40.26,38.5,"1,956,490","76,569,967",173
 1/13/2015 ,39.87,40.69,39.55,"1,254,225","50,311,968",172
 1/12/2015 ,39.73,40.73,39.52,"914,171","36,555,385",171
 1/9/2015 ,40.22,41.18,39.88,"1,073,347","43,201,389",170
 1/8/2015 ,41.02,41.49,39.79,"1,603,235","65,943,237",169
 1/7/2015 ,40.39,40.7,39.17,"1,558,087","62,801,104",168
 1/6/2015 ,39.42,39.85,39,"1,063,349","41,858,853",167
 1/5/2015 ,39.71,40.09,38,"3,557,608","137,853,379",166
 1/2/2015 ,39.77,41,39.27,"1,669,714","67,443,370",165
 12/31/2014 ,40.7,40.91,40.56,"412,409","16,793,316",164
 12/30/2014 ,40.6,40.79,40.15,"815,641","33,089,695",163
 12/29/2014 ,40.57,40.9,40.1,"871,164","35,396,568",162
 12/26/2014 ,40.8,40.94,40.44,"451,091","18,405,309",161
 12/24/2014 ,40.72,40.85,40.04,"208,162","8,468,880",160
 12/23/2014 ,40.9,41.04,40.02,"1,424,967","58,033,508",159
 12/22/2014 ,40.71,41.14,39.62,"2,278,356","92,222,935",158
 12/19/2014 ,39.76,40,39.14,"3,052,960","120,942,884",157
 12/18/2014 ,39.39,39.56,37.25,"2,859,891","111,494,842",156
 12/17/2014 ,37.05,38.06,36,"3,263,887","121,278,625",155
 12/16/2014 ,36.66,37.39,35,"1,999,649","72,913,825",154
 12/15/2014 ,36.45,37.13,36.11,"3,455,078","126,650,880",153
 12/11/2014 ,36.26,37.18,35.27,"2,773,903","101,002,783",152
 12/10/2014 ,35.6,36.99,35.19,"1,980,624","70,933,285",151
 12/9/2014 ,36.6,37.37,36.36,"1,589,832","58,313,488",150
 12/8/2014 ,37.64,37.78,37.07,"1,211,727","45,397,251",149
 12/5/2014 ,37.72,38.08,37.44,"1,098,620","41,335,717",148
 12/4/2014 ,37.81,38.25,37.53,"1,966,570","74,394,787",147
 12/3/2014 ,38.2,39,37.29,"1,634,016","62,605,810",146
 12/2/2014 ,38.19,39.05,38,"1,660,970","63,772,197",145
 12/1/2014 ,38.65,39.66,38.44,"2,682,639","104,221,108",144
 11/28/2014 ,39.11,39.35,38.84,"1,016,399","39,681,632",143
 11/27/2014 ,39.24,39.48,38.82,"265,532","10,387,995",142
 11/26/2014 ,39.15,39.48,38.59,"902,203","35,366,737",141
 11/25/2014 ,39.28,39.48,38.45,"2,651,961","103,662,246",140
 11/24/2014 ,38.35,39.42,38.19,"2,311,527","89,516,069",139
 11/21/2014 ,39.42,39.62,38.84,"2,428,119","95,815,635",138
 11/20/2014 ,39.03,39.2,38.56,"1,230,952","47,991,579",137
 11/19/2014 ,39.19,39.35,37.2,"1,324,387","51,232,492",136
 11/18/2014 ,37.29,37.99,37.16,"1,129,277","42,243,203",135
 11/14/2014 ,38.01,38.44,37.8,"1,365,693","51,991,070",134
 11/13/2014 ,37.94,38.64,37.8,"2,100,470","79,786,025",133
 11/12/2014 ,38.36,39.03,38.12,"1,901,299","73,142,247",132
 11/11/2014 ,38.81,39.2,38.76,"518,323","20,161,801",131
 11/10/2014 ,38.86,39.42,38.8,"589,543","23,009,478",130
 11/7/2014 ,38.88,39.7,38.81,"655,394","25,649,812",129
 11/6/2014 ,39.48,40,39.2,"870,535","34,532,729",128
 11/5/2014 ,39.81,39.99,38.76,"1,081,570","42,451,420",127
 11/4/2014 ,38.76,39.5,38.54,"1,410,429","54,984,817",126
 11/3/2014 ,39.6,39.88,39.35,"960,119","37,986,393",125
 10/31/2014 ,39.39,40.32,39.23,"3,606,445","142,922,756",124
 10/30/2014 ,39.89,40.37,39.67,"1,643,557","65,812,220",123
 10/29/2014 ,40.18,40.38,39.64,"1,702,936","68,366,165",122
 10/28/2014 ,39.94,40.2,39.51,"1,267,297","50,683,571",121
 10/27/2014 ,39.95,40.25,39.6,"686,920","27,423,297",120
 10/24/2014 ,40.28,40.55,39.5,"1,108,042","44,687,750",119
 10/23/2014 ,40.12,40.22,39.04,"1,167,440","46,733,825",118
 10/22/2014 ,39.24,39.4,38.94,"2,036,316","79,627,430",117
 10/21/2014 ,38.94,39.4,38.71,"2,253,834","88,029,889",116
 10/20/2014 ,38.56,39.85,38.42,"1,694,074","66,017,778",115
 10/17/2014 ,39.45,39.85,38.81,"1,935,607","76,624,774",114
 10/16/2014 ,39.17,39.49,38.16,"1,188,805","46,570,244",113
 10/15/2014 ,39.12,39.25,38.26,"1,188,282","45,895,225",112
 10/14/2014 ,38.6,39.19,38.47,"1,111,714","43,028,108",111
 10/13/2014 ,38.67,39.25,38.28,"1,209,414","47,005,390",110
 10/10/2014 ,38.79,39.4,38.6,"834,691","32,485,196",109
 10/9/2014 ,39.33,39.6,38.77,"1,018,119","40,109,330",108
 10/8/2014 ,39.21,39.7,38.52,"1,444,370","56,518,838",107
 10/7/2014 ,38.75,39.3,38.5,"1,668,745","64,579,864",106
 10/6/2014 ,38.95,40.2,38.85,"1,414,123","55,576,887",105
 10/3/2014 ,39.24,39.3,38.8,"1,188,680","46,516,475",104
 10/2/2014 ,39.02,39.17,38.3,"1,056,676","41,046,472",103
 10/1/2014 ,38.52,39.46,38.39,"1,302,603","50,373,846",102
 9/30/2014 ,38.94,39.5,38.75,"2,010,609","78,544,572",101
 9/29/2014 ,39.09,39.46,38.52,"2,334,877","91,088,538",100
 9/26/2014 ,39.08,39.95,39.01,"1,131,921","44,391,827",99
 9/25/2014 ,39.76,39.9,39.34,"1,524,868","60,563,427",98
 9/24/2014 ,39.63,40.01,38.65,"3,366,775","133,730,748",97
 9/23/2014 ,38.65,39.69,38.4,"6,365,537","248,508,680",96
 9/22/2014 ,38.84,39.6,38.5,"3,092,442","120,026,459",95
 9/19/2014 ,39.45,41.1,39.12,"9,669,153","386,455,468",94
 9/18/2014 ,39.72,40.09,39.56,"1,240,177","49,308,448",93
 9/17/2014 ,39.94,40.34,39.5,"1,742,922","69,522,611",92
 9/15/2014 ,39.71,40.37,39.51,"1,886,297","75,261,654",91
 9/12/2014 ,40.12,40.64,40,"1,373,923","55,308,683",90
 9/11/2014 ,40.31,40.46,40.11,"679,079","27,354,551",89
 9/10/2014 ,40.37,40.69,40.32,"734,713","29,689,813",88
 9/9/2014 ,40.58,41,40.16,"1,818,254","73,852,799",87
 9/8/2014 ,40.94,40.97,40.07,"1,690,389","68,454,842",86
 9/5/2014 ,40.06,40.72,40,"1,597,757","64,216,554",85
 9/4/2014 ,40.01,40.32,39.97,"2,695,489","107,979,146",84
 9/3/2014 ,39.99,40.37,39.94,"3,999,630","160,028,106",83
 9/2/2014 ,40.29,40.97,39.84,"2,893,163","116,366,903",82
 9/1/2014 ,40.46,41.38,40.27,"1,854,801","75,267,844",81
 8/29/2014 ,41.16,42.92,41,"6,112,104","253,612,672",80
 8/28/2014 ,42.84,43,42.6,"1,140,693","48,868,201",79
 8/27/2014 ,42.95,42.98,42.6,"1,417,183","60,748,887",78
 8/26/2014 ,42.51,43,42.02,"2,331,238","99,116,713",77
 8/25/2014 ,42.92,43,42.56,"1,035,723","44,380,409",76
 8/22/2014 ,42.91,43.04,42.51,"1,249,146","53,499,838",75
 8/21/2014 ,42.94,43.16,42.53,"1,406,328","60,243,145",74
 8/20/2014 ,43.17,43.2,42.3,"1,599,031","68,561,593",73
 8/19/2014 ,43.05,43.1,42.36,"1,934,789","83,109,906",72
 8/18/2014 ,42.74,42.95,42.21,"699,000","29,869,447",71
 8/15/2014 ,42.36,42.81,42.09,"763,170","32,346,237",70
 8/14/2014 ,42.93,42.95,42.61,"1,280,407","54,861,531",69
 8/13/2014 ,42.89,43,42.3,"1,877,373","80,497,462",68
 8/12/2014 ,42.25,42.99,42,"2,422,490","102,998,361",67
 8/11/2014 ,42.32,42.62,41.63,"1,545,608","65,283,539",66
 8/8/2014 ,41.7,41.9,41.21,"1,094,849","45,422,828",65
 8/7/2014 ,41.17,41.95,40.7,"1,740,764","71,698,259",64
 8/6/2014 ,41.52,42.24,41.06,"1,420,706","59,016,264",63
 8/5/2014 ,41.97,42.45,41.39,"1,612,991","67,982,001",62
 8/4/2014 ,41.66,42.75,40.63,"2,624,483","109,525,859",61
 8/1/2014 ,40.62,41.74,40,"1,610,151","65,404,673",60
 7/31/2014 ,40.61,41.07,39.47,"2,432,579","97,896,323",59
 7/30/2014 ,41.07,42.7,41.01,"1,653,903","68,983,487",58
 7/29/2014 ,42.21,42.96,41.93,"1,457,886","62,233,987",57
 7/28/2014 ,42.96,43.1,42.02,"1,896,230","81,181,570",56
 7/25/2014 ,42.23,42.3,41.35,"2,692,996","112,909,340",55
 7/24/2014 ,41.56,41.73,40.85,"1,584,797","65,838,374",54
 7/23/2014 ,41,41.99,40.85,"1,762,208","72,436,103",53
 7/22/2014 ,41.16,42.14,40.96,"970,115","40,126,253",52
 7/21/2014 ,41.56,42.41,41.27,"2,000,754","83,612,402",51
 7/18/2014 ,41.45,41.5,40.52,"1,314,148","54,127,826",50
 7/17/2014 ,40.97,41.15,40.1,"987,929","40,416,551",49
 7/16/2014 ,41.05,41.16,40.82,"825,062","33,912,379",48
 7/15/2014 ,40.93,41,40.35,"1,582,825","64,646,067",47
 7/14/2014 ,40.97,41.05,40.09,"1,447,323","59,163,815",46
 7/11/2014 ,40.52,40.69,39.95,"1,808,057","73,179,004",45
 7/10/2014 ,39.86,40,38.88,"1,539,229","61,197,025",44
 7/9/2014 ,39.42,39.99,39.19,"829,326","32,681,463",43
 7/8/2014 ,39.85,40,39.59,"1,535,126","61,070,072",42
 7/7/2014 ,39.87,39.9,39.28,"1,542,434","61,311,716",41
 7/4/2014 ,39.48,39.52,39.24,"559,986","22,102,678",40
 7/3/2014 ,39.34,39.45,38.55,"1,721,996","67,566,957",39
 7/2/2014 ,39.01,39.16,38.12,"2,452,056","95,162,915",38
 7/1/2014 ,38.29,38.61,38,"2,308,772","88,507,957",37
 6/30/2014 ,38.07,38.5,37.81,"2,069,633","78,950,167",36
 6/27/2014 ,38.08,38.65,38,"1,919,342","73,507,739",35
 6/26/2014 ,38.08,38.86,38,"2,148,748","82,196,234",34
 6/25/2014 ,38.72,39.75,38.67,"1,125,364","43,911,709",33
 6/24/2014 ,39.5,39.85,39,"900,863","35,516,568",32
 6/23/2014 ,39.88,39.97,39.25,"869,703","34,498,297",31
 6/20/2014 ,39.7,39.9,39,"6,113,061","242,335,105",30
 6/19/2014 ,39.33,39.59,39.1,"1,324,431","52,206,589",29
 6/18/2014 ,39.36,39.5,39.08,"1,481,223","58,326,711",28
 6/17/2014 ,39.25,39.4,38.7,"909,632","35,625,888",27
 6/16/2014 ,39.32,39.45,38.51,"1,347,417","52,833,094",26
 6/13/2014 ,38.51,39.5,38.3,"3,127,319","121,743,201",25
 6/12/2014 ,38.92,39.33,38.7,"1,290,657","50,378,876",24
 6/11/2014 ,39.09,39.28,38.3,"2,512,085","97,631,528",23
 6/10/2014 ,38.59,38.88,37.44,"2,573,493","98,757,785",22
 6/9/2014 ,37.77,37.85,37.28,"1,946,384","73,175,560",21
 6/6/2014 ,37.47,37.62,37.1,"1,828,649","68,460,658",20
 6/5/2014 ,37.24,37.5,37.11,"1,812,416","67,526,980",19
 6/4/2014 ,37.41,37.85,37.12,"1,154,065","43,316,664",18
 6/3/2014 ,37.88,38.04,37.3,"1,185,863","44,803,633",17
 6/2/2014 ,37.68,37.74,37.03,"1,367,306","51,419,822",16
 5/30/2014 ,37.2,37.55,37.06,"3,116,450","115,947,489",15
 5/29/2014 ,37.69,38.1,37.3,"2,204,885","83,182,035",14
 5/28/2014 ,37.73,37.9,37.51,"1,158,551","43,711,310",13
 5/27/2014 ,37.83,37.94,37.3,"1,115,168","42,045,408",12
 5/26/2014 ,37.69,37.82,37.18,"518,908","19,585,576",11
 5/23/2014 ,37.27,37.45,37.15,"1,269,672","47,280,744",10
 5/22/2014 ,37.33,37.8,37.15,"2,517,921","94,293,739",9
 5/21/2014 ,37.6,37.77,36.91,"1,662,909","61,980,871",8
 5/20/2014 ,37.18,37.25,36.8,"2,528,577","93,700,004",7
 5/19/2014 ,36.88,36.9,36.37,"1,360,464","50,005,486",6
 5/16/2014 ,36.44,36.72,36,"1,229,195","44,781,249",5
 5/15/2014 ,36.06,36.71,36,"978,826","35,468,952",4
 5/14/2014 ,36.74,36.93,36.22,"1,800,579","65,899,730",3
 5/13/2014 ,36.33,36.5,35.97,"1,697,816","61,718,398",2
 5/12/2014 ,36.09,36.22,35.35,"1,564,310","56,044,853",1